Pais,Ano,Quantidade (kg),Valor (US$)
Antilhas Holandesas,1970,280.0,207.0
Estados Unidos,1970,11200.0,4200.0
Guiana,1970,114.0,36.0
Tanzânia,1970,13692.0,3562.0
Libéria,1970,4160.0,1190.0
Bolívia,1970,2548.0,699.0
Outros(1),1970,5132.0,3208.0
Paraguai,1970,90261.0,24132.0
Colômbia,1970,14205.0,6650.0
Trinidade e Tobago,1971,7896.0,2579.0
Estados Unidos,1971,22400.0,8400.0
Bolívia,1971,9450.0,2908.0
"Alemanha, República Democrática",1971,135.0,103.0
França,1971,220.0,110.0
Antilhas Holandesas,1971,4800.0,3705.0
Colômbia,1971,3780.0,2475.0
Canadá,1971,1250.0,625.0
Venezuela,1971,3200.0,2000.0
Paraguai,1971,237965.0,64161.0
Venezuela,1972,1350.0,750.0
Barbados,1972,840.0,600.0
El Salvador,1972,4113.0,1931.0
Portugal,1972,1128.0,350.0
Japão,1972,84.0,60.0
Suíça,1972,126.0,90.0
Colômbia,1972,1294.0,771.0
Reino Unido,1972,198.0,159.0
"Alemanha, República Democrática",1972,4168.0,2630.0
França,1972,244.0,147.0
Bolívia,1972,35008.0,11632.0
"Alemanha, República Democrática da",1972,9962.0,6514.0
Belice,1972,450.0,260.0
Estados Unidos,1972,140297.0,74156.0
Outros(1),1972,1200.0,579.0
Antilhas Holandesas,1972,4125.0,2881.0
Paraguai,1972,293836.0,85188.0
Países Baixos,1972,2000.0,1200.0
Haiti,1972,1008.0,720.0
Guiana,1972,252.0,180.0
Porto Rico,1972,3159.0,986.0
Japão,1973,62710.0,57838.0
Antilhas Holandesas,1973,144.0,135.0
Honduras,1973,800.0,550.0
Venezuela,1973,11700.0,6458.0
Noruega,1973,29835.0,14172.0
Colômbia,1973,3050.0,2370.0
República Dominicana,1973,1128.0,416.0
"Alemanha, República Democrática",1973,12000.0,8250.0
Países Baixos,1973,6808.0,1803.0
Outros(1),1973,144.0,102.0
França,1973,11399.0,8593.0
Estados Unidos,1973,255771.0,155883.0
Barbados,1973,10905.0,6383.0
"Alemanha, República Democrática da",1973,238418.0,160979.0
Trinidade Tobago,1973,336.0,300.0
Paraguai,1973,411234.0,166777.0
El Salvador,1973,1015.0,374.0
Haiti,1973,1008.0,811.0
Bolívia,1973,62184.0,16886.0
França,1974,3977.0,3959.0
Portugal,1974,192.0,92.0
Canadá,1974,20754.0,19314.0
Bélgica,1974,2000.0,1846.0
Trinidade Tobago,1974,612.0,563.0
Colômbia,1974,4752.0,5220.0
"Alemanha, República Democrática",1974,3840.0,3293.0
Japão,1974,174293.0,185358.0
México,1974,4055.0,3052.0
Barbados,1974,7682.0,5246.0
Bolívia,1974,10140.0,5894.0
Venezuela,1974,9830.0,5250.0
Estados Unidos,1974,336409.0,231744.0
Países Baixos,1974,85.0,68.0
Paraguai,1974,257367.0,129469.0
Canadá,1975,3564.0,3330.0
Paraguai,1975,398363.0,177683.0
Antilhas Holandesas,1975,1800.0,1600.0
Noruega,1975,111.0,101.0
França,1975,2920.0,2704.0
"Alemanha, República Democrática da",1975,86.0,68.0
Barbados,1975,6741.0,6265.0
Bolívia,1975,13847.0,7762.0
Japão,1975,160148.0,165440.0
Honduras,1975,400.0,340.0
El Salvador,1975,389.0,386.0
Venezuela,1975,4050.0,2488.0
Estados Unidos,1975,746612.0,324620.0
El Salvador,1976,2923.0,4029.0
Canadá,1976,161806.0,145516.0
Dinamarca,1976,2160.0,1642.0
Suécia,1976,9450.0,7020.0
Bélgica,1976,200.0,260.0
Barbados,1976,9792.0,10302.0
Canada,1976,400.0,515.0
Bolívia,1976,66012.0,17645.0
Suíça,1976,120.0,114.0
Estados Unidos,1976,348382.0,178441.0
Paraguai,1976,556050.0,223547.0
Outros(1),1976,1544.0,2726.0
França,1976,1088.0,1094.0
Canadá,1977,36288.0,29349.0
Trinidade e Tobago,1977,2475.0,1573.0
Bolívia,1977,4221.0,2877.0
Países Baixos,1977,335.0,260.0
Panamá,1977,450.0,350.0
Barbados,1977,9842.0,11431.0
"Alemanha, República Democrática da",1977,200000.0,136000.0
Uruguai,1977,1384.0,720.0
"Alemanha, República Democrática",1977,360.0,306.0
Finlândia,1977,291350.0,222864.0
Suíça,1977,160.0,184.0
Canada,1977,1200.0,1747.0
Paraguai,1977,548764.0,286273.0
França,1977,2240.0,2790.0
Estados Unidos,1977,701361.0,355949.0
Trinidade Tobago,1977,2520.0,1813.0
Venezuela,1977,3240.0,2760.0
Suécia,1977,464692.0,289359.0
El Salvador,1977,45.0,37.0
Bélgica,1977,240.0,240.0
Finlândia,1978,247820.0,215972.0
Uruguai,1978,13396.0,5128.0
Paraguai,1978,399467.0,234532.0
Estados Unidos,1978,765602.0,742092.0
Países Baixos,1978,986.0,715.0
Venezuela,1978,4590.0,4590.0
Suécia,1978,726130.0,607102.0
"Alemanha, República Democrática",1978,11700.0,11905.0
França,1978,2080.0,2016.0
Suíça,1978,25.0,33.0
El Salvador,1978,1630.0,1634.0
"Alemanha, República Democrática da",1978,100000.0,81000.0
Bélgica,1978,4930.0,5001.0
Barbados,1978,11141.0,12535.0
Trinidade e Tobago,1978,27135.0,10996.0
Hong Kong,1978,275.0,171.0
Bolívia,1978,1654.0,1323.0
Canada,1978,600.0,975.0
Nigéria,1978,259.0,405.0
Trinidade Tobago,1978,3844.0,2931.0
Reino Unido,1978,2620.0,2668.0
Outros(1),1978,113.0,176.0
Canadá,1978,112030.0,160677.0
Japão,1978,3608.0,6255.0
Guine Bissau,1978,122.0,72.0
Venezuela,1979,1620.0,1944.0
Trinidade Tobago,1979,4074.0,3050.0
Reino Unido,1979,49502.0,50692.0
Suécia,1979,1007841.0,1129727.0
Argentina,1979,3252.0,4359.0
Barbados,1979,13746.0,10220.0
Paraguai,1979,545281.0,287005.0
"Alemanha, República Democrática",1979,26900.0,33140.0
Costa do Marfim,1979,24.0,276.0
Noruega,1979,60451.0,70730.0
Canadá,1979,283007.0,377261.0
Finlândia,1979,330620.0,304568.0
Outros(1),1979,1040.0,509.0
Antilhas Holandesas,1979,7500.0,2088.0
Uruguai,1979,31374.0,12285.0
Países Baixos,1979,72346.0,125511.0
França,1979,6381.0,8700.0
Canada,1979,600.0,1125.0
Ilhas Virgens,1979,5500.0,1592.0
El Salvador,1979,28.0,57.0
Trinidade e Tobago,1979,26905.0,12700.0
Japão,1979,2760.0,1932.0
Angola,1979,3466512.0,2388563.0
Bolívia,1979,10740.0,6464.0
Bélgica,1979,25.0,32.0
Estados Unidos,1979,805517.0,744627.0
Gana,1979,355.0,841.0
Dinamarca,1979,1865.0,2202.0
Suíça,1979,10281.0,12997.0
"Alemanha, República Democrática da",1979,100265.0,108718.0
França,1980,910.0,1272.0
Canada,1980,1800.0,4200.0
Trinidade Tobago,1980,9684.0,6807.0
Bolívia,1980,14719.0,12614.0
Noruega,1980,19875.0,26831.0
Angola,1980,1682244.0,1118023.0
Finlândia,1980,273852.0,298197.0
"Alemanha, República Democrática",1980,26075.0,35275.0
Chile,1980,19000.0,23050.0
Paraguai,1980,499310.0,340127.0
Reino Unido,1980,75285.0,72270.0
"Alemanha, República Democrática da",1980,72875.0,92915.0
Venezuela,1980,5047.0,6745.0
Estados Unidos,1980,800346.0,882210.0
Canadá,1980,642317.0,329349.0
Barbados,1980,22598.0,23057.0
Senegal,1980,284.0,556.0
Antilhas Holandesas,1980,11773.0,6586.0
Outros(1),1980,1786.0,1439.0
Trinidade e Tobago,1980,9504.0,8880.0
Costa do Marfim,1980,60.0,118.0
Japão,1980,72870.0,114755.0
Argentina,1980,60900.0,127380.0
Bélgica,1980,1100.0,1490.0
Países Baixos,1980,128171.0,148060.0
Suriname,1980,1120.0,1044.0
Guatemala,1980,86.0,258.0
Suécia,1980,1321305.0,1560336.0
Suíça,1980,7965.0,10590.0
Uruguai,1980,7877.0,7763.0
Libéria,1981,4083.0,5640.0
Estados Unidos,1981,776499.0,669965.0
Bolívia,1981,37498.0,49574.0
Reino Unido,1981,114125.0,181224.0
Outros(1),1981,1009.0,1425.0
Finlândia,1981,20675.0,26443.0
Canadá,1981,513600.0,536431.0
Guiana Francesa,1981,80.0,161.0
Costa do Marfim,1981,125.0,154.0
Barbados,1981,17290.0,18804.0
"Alemanha, República Democrática da",1981,352920.0,436952.0
Países Baixos,1981,18245.0,25852.0
Chile,1981,61985.0,71601.0
Paraguai,1981,466657.0,321528.0
Canada,1981,825.0,1875.0
Espanha,1981,54.0,65.0
Suíça,1981,14600.0,22310.0
Venezuela,1981,5300.0,7610.0
Haiti,1981,7674.0,10997.0
Tanzânia,1981,2064.0,4457.0
Iraque,1981,6000.0,7705.0
Bélgica,1981,64157.0,111484.0
Suécia,1981,766645.0,996862.0
"Alemanha, República Democrática",1981,137426.0,229312.0
Senegal,1981,178.0,369.0
França,1981,22045.0,36455.0
Japão,1981,1800.0,1580.0
Australia,1981,5766.0,5797.0
Argentina,1981,7200.0,14700.0
Finlândia,1982,40250.0,38924.0
Iraque,1982,1166.0,828.0
Itália,1982,8029.0,12060.0
Cingapura,1982,19200.0,11041.0
Gana,1982,8300.0,24844.0
Bolívia,1982,11160.0,9934.0
Canadá,1982,592363.0,675531.0
Canada,1982,825.0,1875.0
Outros(1),1982,219.0,490.0
Suécia,1982,1006639.0,1164590.0
Reino Unido,1982,77070.0,100695.0
Chile,1982,1080.0,802.0
Bélgica,1982,55055.0,89366.0
Barbados,1982,1201.0,2157.0
Dinamarca,1982,5840.0,9114.0
"Alemanha, República Democrática",1982,129799.0,198667.0
Benin,1982,8300.0,24250.0
Suíça,1982,31954.0,53970.0
China,1982,4825.0,6276.0
Israel,1982,10470.0,10615.0
Senegal,1982,6676.0,10128.0
Paraguai,1982,468480.0,289173.0
Australia,1982,45764.0,49316.0
Estados Unidos,1982,907924.0,790966.0
Países Baixos,1982,152543.0,164250.0
Paquistão,1982,1500.0,2419.0
Malásia,1982,134.0,220.0
Argentina,1982,80000.0,70000.0
"Alemanha, República Democrática da",1982,83200.0,91520.0
Japão,1982,111739.0,154822.0
Tanzânia,1982,180.0,285.0
Venezuela,1982,13280.0,19278.0
França,1982,92546.0,153234.0
Panamá,1982,117.0,152.0
Áustria,1983,90.0,90.0
Outros(1),1983,60.0,125.0
Peru,1983,9378.0,12044.0
Itália,1983,4158.0,5132.0
Noruega,1983,163.0,120.0
Barbados,1983,3522.0,3332.0
Paraguai,1983,579450.0,279111.0
Países Baixos,1983,273882.0,293700.0
Iraque,1983,2210.0,1513.0
Senegal,1983,2353.0,3043.0
Suécia,1983,300955.0,326512.0
Dinamarca,1983,6500.0,10358.0
Bélgica,1983,111441.0,139901.0
Porto Rico,1983,33254.0,39023.0
Bolívia,1983,5938.0,5744.0
Estados Unidos,1983,1456645.0,1262357.0
França,1983,54429.0,79607.0
China,1983,45000.0,59550.0
Japão,1983,168675.0,249942.0
Suíça,1983,32741.0,34869.0
Reino Unido,1983,157472.0,164138.0
"Alemanha, República Democrática",1983,95060.0,90326.0
Panamá,1983,1560.0,2581.0
Arábia Saudita,1983,44160.0,53226.0
Tanzânia,1983,186.0,77.0
Chile,1983,2050.0,1281.0
Finlândia,1983,81620.0,73034.0
Canadá,1983,538248.0,579382.0
Venezuela,1983,19706.0,33201.0
"Alemanha, República Democrática da",1983,149990.0,176238.0
Coveite,1983,249365.0,320432.0
Finlândia,1984,115540.0,86712.0
"Alemanha, República Democrática",1984,204983.0,180556.0
Reino Unido,1984,199831.0,163232.0
Itália,1984,9711.0,8763.0
Panamá,1984,4240.0,4664.0
Bélgica,1984,96354.0,79159.0
Dinamarca,1984,9320.0,9953.0
Japão,1984,185750.0,239598.0
Filipinas,1984,2650.0,3309.0
Peru,1984,4170.0,1779.0
República Centro Africana,1984,180.0,123.0
França,1984,121827.0,98347.0
Argentina,1984,19375.0,20750.0
Cingapura,1984,9640.0,12578.0
Canadá,1984,182573.0,147397.0
China,1984,46800.0,64578.0
Áustria,1984,1160.0,1649.0
Países Baixos,1984,162042.0,159969.0
Suíça,1984,46047.0,39093.0
Nova Zelândia,1984,1060.0,1060.0
Barbados,1984,4536.0,5081.0
"Alemanha, República Democrática da",1984,300052.0,277596.0
Porto Rico,1984,86180.0,88615.0
Noruega,1984,6023.0,4775.0
Suécia,1984,238460.0,225160.0
Bolívia,1984,5810.0,6117.0
Arábia Saudita,1984,74200.0,96564.0
Estados Unidos,1984,1913447.0,1557973.0
Austrália,1984,1060.0,1060.0
Iraque,1984,7076.0,10763.0
Paraguai,1984,651261.0,294989.0
Paraguai,1985,1195928.0,581510.0
Dinamarca,1985,76011.0,70152.0
Coveite,1985,110240.0,114167.0
"Alemanha, República Democrática da",1985,150000.0,137250.0
Itália,1985,3474.0,3305.0
Japão,1985,251740.0,302445.0
Peru,1985,3600.0,1332.0
Estados Unidos,1985,2660162.0,1882142.0
Malásia,1985,6384.0,8907.0
Costa Rica,1985,168.0,220.0
Porto Rico,1985,243566.0,199178.0
Serra Leoa,1985,840.0,1355.0
Filipinas,1985,5300.0,7409.0
Trinidade Tobago,1985,4500.0,5750.0
Angola,1985,2063.0,4349.0
Finlândia,1985,154760.0,126021.0
"Alemanha, República Democrática",1985,115515.0,104918.0
Panamá,1985,6890.0,7319.0
França,1985,93526.0,79149.0
Suíça,1985,39937.0,35604.0
Hungria,1985,51612.0,43276.0
Cingapura,1985,10203.0,10598.0
Noruega,1985,10515.0,8390.0
Bélgica,1985,97383.0,95894.0
Trinidade e Tobago,1985,246.0,270.0
Argentina,1985,41510.0,38105.0
Reino Unido,1985,215222.0,182919.0
Arábia Saudita,1985,83740.0,95416.0
Países Baixos,1985,514510.0,453179.0
Outros(1),1985,3108.0,3822.0
Haiti,1985,6403.0,10630.0
Iraque,1985,9829.0,28705.0
Áustria,1985,2635.0,2143.0
Congo,1985,5026.0,6997.0
Taiwan (Formosa),1985,49690.0,48082.0
Suécia,1985,165775.0,162405.0
Bolívia,1985,51510.0,29002.0
Costa do Marfim,1985,2600.0,2392.0
Barbados,1985,1180.0,1639.0
Canadá,1985,661983.0,537600.0
Coveite,1986,50085.0,53090.0
Canada,1986,2165.0,2500.0
Itália,1986,7727.0,7771.0
Outros(1),1986,960.0,6223.0
Finlândia,1986,85860.0,78786.0
Países Baixos,1986,1177509.0,1049300.0
Reino Unido,1986,672233.0,632729.0
Anguilla,1986,130.0,80.0
Áustria,1986,2195.0,2251.0
Portugal,1986,160.0,318.0
Congo,1986,2083.0,2154.0
"Alemanha, República Democrática",1986,215392.0,198806.0
Austrália,1986,17680.0,20332.0
França,1986,128407.0,124462.0
Angola,1986,15575.0,19696.0
Estados Unidos,1986,2892172.0,2613431.0
Noruega,1986,61865.0,59295.0
Bolívia,1986,67998.0,48153.0
Paraguai,1986,2275032.0,1395271.0
Jordânia,1986,240.0,300.0
Hungria,1986,34408.0,25806.0
Uruguai,1986,120.0,98.0
Canadá,1986,1395426.0,1637186.0
Bélgica,1986,88893.0,90439.0
Argentina,1986,22125.0,19376.0
Suíça,1986,55772.0,56537.0
Arábia Saudita,1986,154760.0,159490.0
Iraque,1986,3030.0,11342.0
Malásia,1986,10611.0,13367.0
Senegal,1986,4000.0,3600.0
Trinidade e Tobago,1986,202685.0,243957.0
Porto Rico,1986,213590.0,192723.0
Dinamarca,1986,30080.0,41999.0
Cingapura,1986,4032.0,4233.0
Japão,1986,224971.0,273877.0
Suécia,1986,262025.0,245907.0
Malásia,1987,15020.0,21788.0
Argentina,1987,20540.0,15215.0
Costa Rica,1987,750.0,887.0
Coveite,1987,99905.0,94909.0
Trinidade e Tobago,1987,110240.0,153894.0
Finlândia,1987,214580.0,268998.0
Outros(1),1987,36.0,299.0
Porto Rico,1987,130420.0,158520.0
Suécia,1987,331203.0,409052.0
Estados Unidos,1987,2075537.0,2498653.0
França,1987,55002.0,58950.0
Dinamarca,1987,40379.0,47558.0
Anguilla,1987,324.0,106.0
Cingapura,1987,6216.0,7392.0
"Alemanha, República Democrática",1987,67922.0,63501.0
Panamá,1987,2650.0,3675.0
Senegal,1987,1200.0,1080.0
Portugal,1987,7104.0,8451.0
Arábia Saudita,1987,16165.0,19155.0
Suíça,1987,18636.0,17831.0
"Alemanha, República Democrática da",1987,150000.0,148500.0
Países Baixos,1987,423177.0,396606.0
Bélgica,1987,81663.0,83974.0
Angola,1987,8596.0,11350.0
Reino Unido,1987,504949.0,632396.0
Noruega,1987,74799.0,96963.0
Iraque,1987,86.0,255.0
Paraguai,1987,877826.0,697247.0
Canadá,1987,913570.0,1022708.0
Bolívia,1987,70077.0,72994.0
Áustria,1987,400.0,360.0
Itália,1987,12736.0,12217.0
Líbano,1987,4698.0,2409.0
Japão,1987,608540.0,982113.0
Guiana Francesa,1987,455.0,654.0
Finlândia,1988,106530.0,142746.0
Uruguai,1988,4220.0,2121.0
"Alemanha, República Democrática",1988,426099.0,409211.0
Suécia,1988,308729.0,406043.0
Arábia Saudita,1988,43460.0,51647.0
Noruega,1988,560.0,565.0
Costa do Marfim,1988,1572.0,1414.0
Angola,1988,35223.0,51026.0
Guiana Francesa,1988,10008.0,13184.0
El Salvador,1988,1550.0,1267.0
Outros(1),1988,14538.0,48908.0
Cabo Verde,1988,122.0,201.0
Países Baixos,1988,1187797.0,1223924.0
Paraguai,1988,958659.0,411793.0
Indonésia,1988,2120.0,3737.0
Espanha,1988,1000.0,900.0
Bélgica,1988,225790.0,219898.0
Barbados,1988,1594.0,2286.0
Bolívia,1988,26556.0,18493.0
Estados Unidos,1988,3556784.0,3714913.0
Cingapura,1988,22165.0,28491.0
Coveite,1988,99905.0,109895.0
Argentina,1988,14760.0,18576.0
Portugal,1988,55598.0,61694.0
Suíça,1988,40706.0,39582.0
França,1988,112751.0,111516.0
Japão,1988,901685.0,1660216.0
Áustria,1988,2628.0,3833.0
Reino Unido,1988,935913.0,1123530.0
Austrália,1988,16960.0,20064.0
Malásia,1988,30248.0,41997.0
Senegal,1988,3480.0,3132.0
Porto Rico,1988,183495.0,233528.0
Panamá,1988,1600.0,1980.0
Líbano,1988,16906.0,9673.0
Trinidade e Tobago,1988,55120.0,76947.0
Dinamarca,1988,111078.0,137998.0
Canadá,1988,438757.0,487364.0
"Alemanha, República Democrática",1989,254013.0,228943.0
Reino Unido,1989,687115.0,659314.0
Dinamarca,1989,54612.0,63686.0
Nova Zelândia,1989,11929.0,20686.0
Canadá,1989,812134.0,889792.0
"Alemanha, República Democrática da",1989,150000.0,199500.0
Estados Unidos,1989,5724307.0,7118194.0
Cingapura,1989,1060.0,1802.0
Chile,1989,900.0,1800.0
Bolívia,1989,34023.0,34279.0
Suíça,1989,150239.0,186035.0
Angola,1989,9674.0,31433.0
Senegal,1989,1440.0,1296.0
Finlândia,1989,71020.0,98362.0
Áustria,1989,1888.0,889.0
Países Baixos,1989,649262.0,647857.0
Arábia Saudita,1989,13250.0,16993.0
Bélgica,1989,69116.0,63379.0
França,1989,81748.0,81346.0
Porto Rico,1989,201708.0,285511.0
Itália,1989,4347.0,3911.0
Paraguai,1989,1721269.0,951564.0
Haiti,1989,8009.0,34670.0
Costa do Marfim,1989,2560.0,2304.0
Noruega,1989,53265.0,72794.0
Suécia,1989,319979.0,442433.0
Antilhas Holandesas,1989,540.0,1326.0
Cabo Verde,1989,16.0,23.0
Austrália,1989,33920.0,47190.0
Portugal,1989,38964.0,36229.0
Uruguai,1989,13396.0,4438.0
Outros(1),1989,5112.0,3075.0
Malásia,1989,19080.0,29463.0
Japão,1989,715792.0,1447778.0
Países Baixos,1990,804993.0,915226.0
Honduras,1990,2025.0,4387.0
Cingapura,1990,9530.0,15476.0
Itália,1990,3564.0,3206.0
Dinamarca,1990,62066.0,74030.0
Senegal,1990,11308.0,10176.0
Bolívia,1990,1953.0,2286.0
Suécia,1990,231174.0,388634.0
Malásia,1990,34980.0,62952.0
Finlândia,1990,17755.0,24857.0
Antilhas Holandesas,1990,1080.0,2652.0
Trinidade e Tobago,1990,43990.0,96778.0
Suíça,1990,74980.0,67719.0
Paraguai,1990,818637.0,599527.0
Estados Unidos,1990,6676013.0,9099465.0
Noruega,1990,18023.0,25501.0
Bélgica,1990,154695.0,139114.0
Coveite,1990,99905.0,119886.0
Japão,1990,747000.0,1530850.0
Costa Rica,1990,3097.0,4725.0
França,1990,87727.0,91580.0
Porto Rico,1990,159025.0,267708.0
Reino Unido,1990,550499.0,1086786.0
Uruguai,1990,10004.0,3842.0
"Alemanha, República Democrática",1990,153036.0,137699.0
Canadá,1990,674308.0,1024920.0
Argentina,1990,6300.0,15000.0
Cabo Verde,1990,445.0,738.0
Portugal,1990,33186.0,29738.0
Angola,1990,930.0,1090.0
Arábia Saudita,1990,15900.0,19080.0
Noruega,1991,447.0,1200.0
Suécia,1991,231817.0,352428.0
Bélgica,1991,73674.0,83062.0
Outros(1),1991,35306.0,25786.0
Bolívia,1991,8863.0,15235.0
Finlândia,1991,17755.0,31071.0
Canadá,1991,156216.0,229730.0
Cingapura,1991,12710.0,22664.0
Senegal,1991,6272.0,5643.0
Angola,1991,725.0,1330.0
Dinamarca,1991,38870.0,47951.0
Trinidade e Tobago,1991,18567.0,38832.0
Suíça,1991,61804.0,57128.0
Itália,1991,5662.0,5118.0
Países Baixos,1991,1435388.0,2817275.0
França,1991,87237.0,68435.0
Japão,1991,969998.0,1659414.0
Uruguai,1991,21430.0,13313.0
Argentina,1991,238141.0,287608.0
Estados Unidos,1991,3878908.0,4940584.0
Arábia Saudita,1991,37100.0,55110.0
Portugal,1991,17481.0,19823.0
Reino Unido,1991,871744.0,2716735.0
"Alemanha, República Democrática",1991,84860.0,78885.0
Malásia,1991,38340.0,68763.0
Porto Rico,1991,160345.0,254178.0
Paraguai,1991,1708067.0,1134227.0
Antilhas Holandesas,1991,1080.0,2640.0
Trinidade Tobago,1991,2323.0,5340.0
Suíça,1992,91294.0,99855.0
França,1992,535980.0,527046.0
Cuba,1992,172.0,468.0
"Alemanha, República Democrática da",1992,36400.0,48230.0
Antilhas Holandesas,1992,2202.0,3836.0
Dinamarca,1992,45479.0,35516.0
Argentina,1992,1969759.0,2082201.0
Uruguai,1992,34092.0,37570.0
Reino Unido,1992,1464613.0,1712570.0
Angola,1992,652.0,1561.0
Senegal,1992,4352.0,3916.0
Líbano,1992,1350.0,6400.0
Paraguai,1992,2466578.0,1447562.0
Espanha,1992,21949.0,59106.0
Países Baixos,1992,2535529.0,2888630.0
Arábia Saudita,1992,37100.0,48363.0
Camarões,1992,31.0,40.0
Tunísia,1992,106.0,217.0
"Alemanha, República Democrática",1992,51585.0,53319.0
Cabo Verde,1992,1376.0,1824.0
Trinidade e Tobago,1992,17490.0,30869.0
Bolívia,1992,15982.0,12089.0
Estados Unidos,1992,12510527.0,14344846.0
Outros(1),1992,628.0,1606.0
Bélgica,1992,48992.0,45183.0
Suécia,1992,176755.0,261005.0
Itália,1992,25464.0,21653.0
Malásia,1992,35196.0,51687.0
Japão,1992,817778.0,1350673.0
Portugal,1992,48568.0,54335.0
Nigéria,1992,30444.0,16909.0
Cingapura,1992,5144.0,8830.0
Honduras,1992,6874.0,10220.0
Canadá,1992,709569.0,901699.0
Porto Rico,1992,279860.0,381102.0
Bélgica,1993,92796.0,110190.0
México,1993,769560.0,704455.0
Canadá,1993,990638.0,1158151.0
Bahamas,1993,18550.0,18550.0
Finlândia,1993,17755.0,20370.0
Honduras,1993,7606.0,10060.0
Nigéria,1993,450.0,448.0
República Federativa da Rússia,1993,63.0,112.0
Arábia Saudita,1993,80030.0,107203.0
Equador,1993,18720.0,29406.0
Bolívia,1993,10682.0,33442.0
Paraguai,1993,13502387.0,7252763.0
Uruguai,1993,64835.0,68727.0
Japão,1993,1316462.0,2213471.0
Angola,1993,1811.0,4831.0
Antilhas Holandesas,1993,3434.0,8448.0
Suíça,1993,76303.0,79136.0
Chile,1993,160.0,128.0
Argentina,1993,3519531.0,3503685.0
"Alemanha, República Democrática",1993,272018.0,289402.0
Países Baixos,1993,5666564.0,7086954.0
"Alemanha, República Democrática da",1993,90480.0,124040.0
Sri Lanka,1993,1060.0,1359.0
Trinidade Tobago,1993,1360.0,3048.0
Porto Rico,1993,348225.0,454992.0
Suécia,1993,124815.0,165891.0
Estados Unidos,1993,11875648.0,13614880.0
França,1993,704427.0,782430.0
Dinamarca,1993,27245.0,36872.0
Reino Unido,1993,2557976.0,2959659.0
Portugal,1993,14593.0,20914.0
Outros(1),1993,1227.0,2862.0
Suíça,1994,32608.0,33419.0
França,1994,231629.0,331545.0
Reino Unido,1994,1523114.0,1966748.0
El Salvador,1994,480.0,560.0
Países Baixos,1994,2743100.0,3605045.0
Cabo Verde,1994,180.0,941.0
Suécia,1994,221200.0,298690.0
Uruguai,1994,50128.0,66809.0
"Alemanha, República Democrática da",1994,127320.0,199639.0
Angola,1994,600.0,6276.0
Canadá,1994,869883.0,999917.0
Portugal,1994,49800.0,59760.0
Malásia,1994,18200.0,28470.0
Panamá,1994,47.0,1188.0
Dinamarca,1994,27328.0,38311.0
Porto Rico,1994,456886.0,570902.0
Japão,1994,1241685.0,1963544.0
Arábia Saudita,1994,92050.0,125056.0
Jamaica,1994,19875.0,25838.0
Bolívia,1994,50238.0,46401.0
Nigéria,1994,7266.0,10690.0
Bélgica,1994,35236.0,31707.0
Filipinas,1994,5200.0,7020.0
Honduras,1994,8952.0,11625.0
Trinidade e Tobago,1994,1942.0,5680.0
Finlândia,1994,90748.0,158073.0
"Alemanha, República Democrática",1994,568342.0,669977.0
Argentina,1994,2599740.0,2251669.0
Estados Unidos,1994,9470894.0,11079346.0
Trinidade Tobago,1994,3912.0,8679.0
Senegal,1994,1353.0,1001.0
Paraguai,1994,8060330.0,4986063.0
Estados Unidos,1995,7835729.0,9401638.0
Austrália,1995,19305.0,23261.0
Arábia Saudita,1995,132460.0,224379.0
Gana,1995,25.0,87.0
Paraguai,1995,7762639.0,4267014.0
Países Baixos,1995,4253050.0,6472850.0
Japão,1995,2187714.0,3405792.0
França,1995,27836.0,55850.0
Republica Dominicana,1995,12000.0,14400.0
Honduras,1995,8960.0,13575.0
Suíça,1995,7728.0,9355.0
Trinidade e Tobago,1995,435.0,1200.0
Dinamarca,1995,12000.0,16350.0
Trinidade Tobago,1995,1715.0,4032.0
Finlândia,1995,151632.0,269399.0
Argentina,1995,1034445.0,1417707.0
Bélgica,1995,9055.0,22223.0
Porto Rico,1995,453187.0,641270.0
Canadá,1995,455728.0,548297.0
"Alemanha, República Democrática da",1995,182000.0,322140.0
Bolívia,1995,3115.0,6940.0
Chile,1995,225.0,500.0
Nigéria,1995,6905.0,11900.0
Antilhas Holandesas,1995,2288.0,5632.0
"Alemanha, República Democrática",1995,230030.0,321574.0
Angola,1995,44.0,101.0
Jamaica,1995,41825.0,66251.0
Reino Unido,1995,1459194.0,2123353.0
Uruguai,1995,104338.0,112449.0
Malásia,1995,36750.0,63349.0
Portugal,1995,41480.0,62873.0
Filipinas,1995,37100.0,55297.0
Porto Rico,1996,317846.0,503746.0
Bélgica,1996,14176.0,21552.0
África do Sul,1996,18550.0,25970.0
Argentina,1996,1254512.0,1604810.0
"Alemanha, República Democrática",1996,89400.0,118560.0
Finlândia,1996,104886.0,189483.0
Coreia do Sul,1996,87450.0,146392.0
Taiwan (Formosa),1996,6900.0,4550.0
Jamaica,1996,24165.0,43840.0
Nova Zelândia,1996,55650.0,79673.0
Indonésia,1996,12560.0,11300.0
Malásia,1996,37100.0,64544.0
Japão,1996,1624967.0,2542708.0
Angola,1996,2118.0,6401.0
México,1996,174900.0,160719.0
Nigéria,1996,16702.0,38250.0
França,1996,35946.0,74316.0
Noruega,1996,27100.0,38506.0
Estados Unidos,1996,10515911.0,13482473.0
Suíça,1996,181460.0,197060.0
Arábia Saudita,1996,137800.0,233848.0
Israel,1996,800.0,430.0
Bolívia,1996,21867.0,24868.0
República Dominicana,1996,17225.0,9944.0
Austrália,1996,55650.0,83646.0
Dinamarca,1996,15975.0,37179.0
Uruguai,1996,28269.0,31046.0
Paraguai,1996,5806534.0,3511937.0
Suécia,1996,99696.0,187932.0
Colômbia,1996,2915.0,5035.0
Republica Dominicana,1996,24000.0,43200.0
Barbados,1996,135.0,840.0
Honduras,1996,8953.0,13400.0
Canadá,1996,479901.0,577325.0
Reino Unido,1996,673366.0,1085824.0
Países Baixos,1996,2723960.0,3999453.0
Antilhas Holandesas,1996,2287.0,5632.0
Trinidade e Tobago,1996,558.0,1808.0
Nova Zelândia,1997,129320.0,196776.0
Panamá,1997,9274.0,14730.0
Guatemala,1997,8959.0,14558.0
Trinidade e Tobago,1997,14864.0,11826.0
Jamaica,1997,47700.0,85860.0
Indonésia,1997,64720.0,106064.0
Reino Unido,1997,737105.0,1190388.0
Colômbia,1997,13250.0,29813.0
Portugal,1997,36400.0,61108.0
Suécia,1997,45900.0,82952.0
Arábia Saudita,1997,57240.0,100749.0
Argentina,1997,1278748.0,1467382.0
Estados Unidos,1997,13521077.0,18145015.0
Cabo Verde,1997,2348.0,3722.0
Porto Rico,1997,377221.0,640049.0
Austrália,1997,63600.0,101760.0
Espanha,1997,5000.0,5000.0
Coreia do Sul,1997,787050.0,1521805.0
Angola,1997,68530.0,146095.0
Dinamarca,1997,19740.0,45641.0
Japão,1997,3085877.0,5386848.0
Bolívia,1997,4508.0,6906.0
Barbados,1997,243.0,1647.0
Finlândia,1997,104004.0,196559.0
Bélgica,1997,16916.0,24496.0
África do Sul,1997,463.0,1673.0
Tailândia,1997,18550.0,33713.0
Noruega,1997,29500.0,47358.0
Países Baixos,1997,2060754.0,2777771.0
Canadá,1997,748009.0,919887.0
Taiwan (Formosa),1997,19200.0,11200.0
França,1997,31914.0,58495.0
Quênia,1997,455.0,792.0
Malásia,1997,18550.0,32203.0
"Alemanha, República Democrática",1997,49131.0,80228.0
Uruguai,1997,68057.0,56720.0
Suíça,1997,49996.0,78789.0
Paraguai,1997,5330810.0,2847912.0
Rússia,1998,15.0,21.0
Paraguai,1998,5272116.0,3456933.0
Austrália,1998,18550.0,35245.0
Países Baixos,1998,2299700.0,3439092.0
"Alemanha, República Democrática da",1998,227370.0,414144.0
"Alemanha, República Democrática",1998,14904.0,21820.0
Honduras,1998,8963.0,13055.0
Bélgica,1998,43616.0,84416.0
Coreia do Sul,1998,69960.0,133274.0
França,1998,45996.0,52190.0
Finlândia,1998,73320.0,124440.0
Uruguai,1998,145172.0,151515.0
Emirados Árabes Unidos,1998,8215.0,15426.0
Trinidade e Tobago,1998,13616.0,13653.0
Itália,1998,138.0,394.0
Canadá,1998,716181.0,1274004.0
El Salvador,1998,188.0,439.0
República Federativa da Rússia,1998,8.0,4.0
Argentina,1998,1873208.0,2131697.0
Nova Zelândia,1998,129850.0,248297.0
Portugal,1998,6000.0,10800.0
Bolívia,1998,5072.0,8044.0
Mauricio,1998,24000.0,42000.0
Arábia Saudita,1998,43460.0,80704.0
Cabo Verde,1998,491.0,1428.0
Japão,1998,4329214.0,6111404.0
Porto Rico,1998,608746.0,1162841.0
Malásia,1998,55650.0,103400.0
Angola,1998,17409.0,39077.0
Estados Unidos,1998,2088225.0,3718835.0
Reino Unido,1998,400816.0,668952.0
Tailândia,1998,18550.0,35883.0
Noruega,1998,13200.0,21120.0
Suíça,1998,66000.0,99600.0
Outros(1),1998,42.0,89.0
Guiana Francesa,1999,426.0,440.0
México,1999,69761.0,27976.0
Haiti,1999,1080.0,452.0
Suíça,1999,34800.0,41760.0
Tailândia,1999,37100.0,65814.0
Porto Rico,1999,417407.0,806033.0
Arábia Saudita,1999,56180.0,105046.0
Estados Unidos,1999,2538925.0,4915069.0
Argentina,1999,3908826.0,3807209.0
Trinidade Tobago,1999,5463.0,12116.0
Reino Unido,1999,292606.0,580572.0
França,1999,13733.0,18323.0
Canadá,1999,411050.0,821905.0
Angola,1999,30840.0,36490.0
Malásia,1999,18550.0,36544.0
Suécia,1999,6000.0,10800.0
Emirados Árabes Unidos,1999,11660.0,21885.0
Portugal,1999,13401.0,18104.0
Bolívia,1999,220801.0,88460.0
Dinamarca,1999,6300.0,18641.0
Paraguai,1999,5513303.0,3020512.0
Espanha,1999,58510.0,71523.0
Bélgica,1999,177960.0,79944.0
Trinidade e Tobago,1999,39750.0,46545.0
Noruega,1999,38400.0,55680.0
Honduras,1999,8963.0,12890.0
Países Baixos,1999,3052771.0,3468015.0
Nigéria,1999,108.0,706.0
Finlândia,1999,184071.0,287243.0
"Alemanha, República Democrática da",1999,454740.0,843369.0
"Alemanha, República Democrática",1999,173400.0,224610.0
Austrália,1999,18550.0,36173.0
Indonésia,1999,40875.0,56812.0
Japão,1999,5338556.0,8271906.0
Uruguai,1999,265846.0,216124.0
Emirados Árabes Unidos,2000,3920.0,2815.0
Venezuela,2000,41610.0,8123.0
Malásia,2000,18550.0,38955.0
Dinamarca,2000,25365.0,37710.0
Austrália,2000,18550.0,38955.0
Nigéria,2000,396.0,695.0
"Alemanha, República Democrática",2000,788879.0,836589.0
Uruguai,2000,217522.0,158706.0
Estados Unidos,2000,4364070.0,5575078.0
República Dominicana,2000,6256.0,4526.0
Paraguai,2000,5113932.0,2485056.0
Noruega,2000,104400.0,106740.0
Japão,2000,3946301.0,6533796.0
Bolívia,2000,412116.0,205994.0
Canadá,2000,527964.0,1000267.0
Suíça,2000,29700.0,33000.0
França,2000,12681.0,12886.0
Reino Unido,2000,991195.0,1750389.0
Tailândia,2000,18550.0,34318.0
Trinidade e Tobago,2000,18550.0,31164.0
Colombia,2000,32000.0,60800.0
Arábia Saudita,2000,55120.0,103799.0
Países Baixos,2000,6851600.0,7066457.0
Angola,2000,252079.0,382907.0
Bélgica,2000,1102248.0,664977.0
Finlândia,2000,64869.0,116800.0
"Alemanha, República Democrática da",2000,367290.0,666020.0
Taiwan (Formosa),2000,9600.0,3956.0
México,2000,17943.0,4154.0
Portugal,2000,4547.0,4487.0
Equador,2000,7800.0,17004.0
Argentina,2000,3936957.0,3539682.0
Chile,2000,600.0,2700.0
Porto Rico,2000,318723.0,587197.0
Suécia,2001,72000.0,80000.0
Hong Kong,2001,13230.0,13230.0
República Dominicana,2001,25440.0,42300.0
Arábia Saudita,2001,92750.0,178701.0
Finlândia,2001,31176.0,67060.0
"Alemanha, República Democrática da",2001,507210.0,824479.0
Paraguai,2001,2509382.0,1148526.0
Gana,2001,259.0,389.0
Bolívia,2001,112151.0,55751.0
Reino Unido,2001,1789443.0,3922219.0
Colombia,2001,7920.0,12000.0
Mauritânia,2001,3630.0,2460.0
Japão,2001,3426212.0,5921534.0
Equador,2001,10666.0,4076.0
Espanha,2001,41112.0,55731.0
Argentina,2001,3788984.0,3035498.0
Uruguai,2001,143800.0,105189.0
Irã,2001,7473.0,4470.0
Venezuela,2001,18307.0,12873.0
Bélgica,2001,257310.0,414788.0
Cabo Verde,2001,5000.0,4222.0
Suíça,2001,704.0,634.0
Canadá,2001,733574.0,1101997.0
Angola,2001,16995.0,20941.0
Porto Rico,2001,492130.0,787540.0
Portugal,2001,85500.0,128683.0
Países Baixos,2001,13252083.0,12598985.0
Noruega,2001,86270.0,60713.0
França,2001,22910.0,31063.0
"Alemanha, República Democrática",2001,968093.0,1004672.0
Estados Unidos,2001,2742852.0,3660659.0
Alemanha,2001,2816.0,5882.0
Suriname,2001,6022.0,2570.0
Panamá,2001,18550.0,28229.0
Peru,2001,2625.0,1938.0
Outros(1),2001,974.0,4895.0
Malásia,2001,18550.0,38955.0
Portugal,2002,75816.0,50327.0
Líbia,2002,1200.0,1037.0
Itália,2002,1980.0,1683.0
Honduras,2002,8597.0,15195.0
Bélgica,2002,457807.0,411253.0
Venezuela,2002,124415.0,90113.0
Gana,2002,13.0,7.0
Estados Unidos,2002,1748374.0,2700011.0
Bolívia,2002,9626.0,13099.0
Costa Rica,2002,100.0,10.0
Emirados Árabes Unidos,2002,3262.0,2459.0
Suíça,2002,800.0,1920.0
Noruega,2002,280434.0,319394.0
Líbano,2002,254.0,111.0
Nigéria,2002,72.0,60.0
Paraguai,2002,2027964.0,849391.0
Dinamarca,2002,61200.0,85102.0
Canadá,2002,613653.0,845944.0
Cabo Verde,2002,3935.0,3524.0
Colômbia,2002,39360.0,34560.0
Chile,2002,31.0,3.0
Panamá,2002,8235.0,12042.0
Malásia,2002,37100.0,75128.0
Reino Unido,2002,4863288.0,11336803.0
Bahamas,2002,120.0,480.0
Peru,2002,5050.0,1008.0
Angola,2002,10891.0,6632.0
Aruba,2002,12538.0,9784.0
Taiwan (Formosa),2002,10878.0,13463.0
Cingapura,2002,11480.0,11200.0
Argentina,2002,388614.0,257290.0
Finlândia,2002,37818.0,62236.0
Países Baixos,2002,18432542.0,19425003.0
Japão,2002,4288160.0,7026468.0
Colombia,2002,39960.0,41900.0
Arábia Saudita,2002,37100.0,71480.0
França,2002,24310.0,37054.0
Uruguai,2002,88221.0,46998.0
"Alemanha, República Democrática",2002,909763.0,825665.0
República Dominicana,2002,26770.0,45361.0
Suécia,2002,285600.0,320000.0
Outros(1),2002,494.0,2127.0
Porto Rico,2002,486175.0,749938.0
Mauritânia,2002,1788.0,855.0
Malásia,2003,18550.0,36173.0
Paraguai,2003,1123342.0,398595.0
"Tcheca, República",2003,7370.0,31791.0
Iugoslâvia,2003,1950.0,1915.0
Indonésia,2003,38400.0,70560.0
México,2003,20.0,20.0
Honduras,2003,7644.0,9872.0
"Alemanha, República Democrática",2003,1121634.0,1196652.0
Estados Unidos,2003,1897472.0,3608272.0
Bahrein,2003,13600.0,17000.0
Dinamarca,2003,303820.0,287324.0
Noruega,2003,370025.0,923444.0
Canadá,2003,277555.0,685289.0
Bélgica,2003,397723.0,415005.0
Suíça,2003,27881.0,48894.0
Trinidade e Tobago,2003,18550.0,24830.0
Aruba,2003,264.0,529.0
Arábia Saudita,2003,67310.0,128638.0
Reino Unido,2003,6623208.0,16323211.0
Tailândia,2003,327990.0,493881.0
Uruguai,2003,73236.0,31137.0
Taiwan (Formosa),2003,4167.0,2796.0
Cabo Verde,2003,3863.0,3726.0
Panamá,2003,21000.0,32730.0
Argentina,2003,641310.0,542511.0
Portugal,2003,311565.0,374378.0
Finlândia,2003,17496.0,34602.0
República Dominicana,2003,15900.0,27030.0
Áustria,2003,928.0,1020.0
Lituânia,2003,15912.0,21012.0
Espanha,2003,148107.0,223951.0
Guadalupe,2003,19200.0,26304.0
Emirados Árabes Unidos,2003,38400.0,71760.0
Porto Rico,2003,245215.0,349681.0
Japão,2003,3378349.0,5239923.0
Suécia,2003,374400.0,418314.0
Países Baixos,2003,26079224.0,36232246.0
Trinidade Tobago,2003,10.0,4.0
Colombia,2003,47840.0,63800.0
Itália,2003,13645.0,17780.0
Costa Rica,2003,31.0,21.0
Bolívia,2003,7139.0,17531.0
São Tomé e Príncipe,2003,2880.0,7200.0
França,2003,16630.0,21654.0
Moçambique,2003,4065.0,2910.0
Angola,2003,26605.0,17344.0
Gana,2003,270.0,1655.0
Guiana Francesa,2004,1295.0,1105.0
Antilhas Holandesas,2004,98.0,274.0
Cabo Verde,2004,992.0,934.0
Argentina,2004,736310.0,722514.0
Bélgica,2004,124936.0,111750.0
Trinidade e Tobago,2004,55650.0,74555.0
República Federativa da Rússia,2004,56445.0,70556.0
Reino Unido,2004,4912020.0,12258338.0
Suriname,2004,12026.0,5423.0
Luxemburgo,2004,4308.0,16804.0
Paraguai,2004,2117000.0,768372.0
Itália,2004,98896.0,117627.0
Canadá,2004,268915.0,367092.0
Republica Tcheca,2004,732.0,2742.0
Honduras,2004,5769.0,10025.0
Cingapura,2004,31.0,369.0
Portugal,2004,48885.0,65827.0
Angola,2004,135955.0,188347.0
"Alemanha, República Democrática",2004,852262.0,1022344.0
Dinamarca,2004,156180.0,192188.0
"Tcheca, República",2004,11855.0,64927.0
Chile,2004,678.0,2325.0
Suécia,2004,502353.0,647806.0
Países Baixos,2004,18941483.0,31496357.0
Colômbia,2004,280.0,595.0
China,2004,15704.0,37923.0
Colombia,2004,356.0,980.0
Indonésia,2004,53700.0,96500.0
Alemanha,2004,730.0,3045.0
Nova Zelândia,2004,18550.0,22260.0
Uruguai,2004,67455.0,28106.0
Malásia,2004,18550.0,36173.0
Guadalupe,2004,72900.0,114583.0
Bolívia,2004,19441.0,12855.0
Suíça,2004,5657.0,19137.0
França,2004,32097.0,37263.0
"Rússia, Federação da",2004,182179.0,220505.0
Emirados Árabes Unidos,2004,19200.0,40200.0
Martinica,2004,76800.0,93696.0
República Dominicana,2004,15900.0,27030.0
Espanha,2004,123770.0,209556.0
Estados Unidos,2004,3521110.0,6722973.0
Venezuela,2004,25.0,36.0
Peru,2004,4.0,70.0
Finlândia,2004,30735.0,50995.0
Noruega,2004,304900.0,987156.0
Polônia,2004,31212.0,36312.0
Gana,2004,162.0,774.0
Porto Rico,2004,456295.0,639687.0
Irlanda,2004,60397.0,209218.0
Tunísia,2004,1300.0,1042.0
Senegal,2004,627.0,283.0
Japão,2004,4868262.0,7045404.0
Austrália,2004,1232.0,1074.0
Panamá,2004,8953.0,19378.0
Tailândia,2004,38400.0,78240.0
Quênia,2004,235.0,575.0
Arábia Saudita,2004,104410.0,198211.0
Moçambique,2004,3850.0,2604.0
Aruba,2005,3955.0,2714.0
Lituânia,2005,30762.0,30770.0
Finlândia,2005,45630.0,69876.0
Luxemburgo,2005,7335.0,29942.0
Arábia Saudita,2005,42930.0,80362.0
Suriname,2005,6848.0,3700.0
"Tcheca, República",2005,65974.0,130401.0
Colômbia,2005,787.0,677.0
República Dominicana,2005,3230.0,6594.0
Martinica,2005,130390.0,241152.0
"Rússia, Federação da",2005,104016.0,169275.0
Namíbia,2005,46.0,80.0
Reino Unido,2005,9943241.0,24277102.0
Argélia,2005,9.0,16.0
Nigéria,2005,3421.0,5300.0
Dinamarca,2005,56045.0,54826.0
Taiwan (Formosa),2005,22550.0,34715.0
Republica Tcheca,2005,716.0,2193.0
Estados Unidos,2005,7881360.0,16083430.0
Benin,2005,600.0,455.0
Colombia,2005,539.0,182.0
"Alemanha, República Democrática",2005,947206.0,1188268.0
Malásia,2005,18550.0,36173.0
Moçambique,2005,16726.0,9847.0
Bolívia,2005,38858.0,19736.0
Nova Zelândia,2005,83700.0,112955.0
Tailândia,2005,19200.0,38400.0
Portugal,2005,48341.0,74242.0
Rússia,2005,177600.0,71988.0
Guadalupe,2005,92100.0,176188.0
Guine Bissau,2005,13000.0,11182.0
Hong Kong,2005,74200.0,89040.0
Senegal,2005,1880.0,825.0
Uruguai,2005,52351.0,22163.0
Alemanha,2005,549.0,2670.0
Cabo Verde,2005,12988.0,8862.0
Guiana Francesa,2005,11391.0,8976.0
Trinidade Tobago,2005,54.0,60.0
Angola,2005,295931.0,290140.0
Argentina,2005,305958.0,433467.0
Bélgica,2005,47768.0,105163.0
Porto Rico,2005,629195.0,864725.0
Noruega,2005,718961.0,2196655.0
Guine Equatorial,2005,1600.0,878.0
Espanha,2005,173865.0,274069.0
Paraguai,2005,1998069.0,743549.0
Trinidade e Tobago,2005,63288.0,85643.0
Suécia,2005,572270.0,957432.0
Honduras,2005,1356.0,3456.0
Japão,2005,4378124.0,6389408.0
Suíça,2005,23073.0,51090.0
Congo,2005,1500.0,900.0
Polônia,2005,9909.0,10184.0
França,2005,304033.0,517357.0
Antilhas Holandesas,2005,10907.0,9570.0
Canadá,2005,582446.0,994152.0
Coreia do Sul,2005,334800.0,451980.0
Líbia,2005,9365.0,7442.0
Austrália,2005,1609.0,1652.0
Barbados,2005,1714.0,767.0
Itália,2005,194783.0,350720.0
Panamá,2005,1125.0,1213.0
Gana,2005,7774.0,5489.0
Quênia,2005,9686.0,47793.0
Irlanda,2005,14850.0,36300.0
Países Baixos,2005,31911480.0,62948651.0
Colômbia,2006,583.0,490.0
Vietnã,2006,2013.0,2362.0
Taiwan (Formosa),2006,11427.0,19778.0
Antilhas Holandesas,2006,19116.0,24419.0
Canada,2006,225.0,1468.0
Namíbia,2006,90.0,160.0
Angola,2006,14442.0,29543.0
França,2006,78210.0,111272.0
Alemanha,2006,153.0,928.0
Finlândia,2006,26388.0,31843.0
Grécia,2006,142.0,1535.0
Noruega,2006,954200.0,2603197.0
Espanha,2006,76038.0,137914.0
Japão,2006,3939834.0,6025305.0
"Tcheca, República",2006,26495.0,110154.0
Argentina,2006,336434.0,492057.0
India,2006,14.0,33.0
Irlanda,2006,59171.0,152169.0
Benin,2006,10350.0,12075.0
Republica Tcheca,2006,802.0,3950.0
Portugal,2006,103160.0,109330.0
Hong Kong,2006,55650.0,66780.0
Dinamarca,2006,29541.0,67132.0
Luxemburgo,2006,2532.0,8508.0
Quênia,2006,10600.0,15069.0
Uruguai,2006,50640.0,26256.0
Estônia,2006,1974.0,4581.0
Bolívia,2006,7811.0,12901.0
Panamá,2006,13.0,55.0
Cuba,2006,150.0,199.0
Coreia do Sul,2006,234360.0,315462.0
Emirados Árabes Unidos,2006,16320.0,32015.0
Filipinas,2006,20405.0,31628.0
Chipre,2006,134.0,96.0
Tailândia,2006,1800.0,3060.0
Canadá,2006,1094653.0,2549373.0
"Alemanha, República Democrática",2006,856500.0,1313836.0
Martinica,2006,16320.0,35130.0
Malásia,2006,18550.0,36173.0
Suécia,2006,82120.0,175225.0
Suriname,2006,1000.0,2325.0
Suíça,2006,131377.0,306362.0
China,2006,93976.0,143612.0
Emirados Arabes Unidos,2006,363.0,1446.0
Itália,2006,190209.0,336672.0
Países Baixos,2006,33680168.0,59630219.0
Guadalupe,2006,32640.0,66137.0
Reino Unido,2006,10189205.0,22068319.0
Belgica,2006,3375.0,18128.0
Chile,2006,201888.0,241149.0
República Dominicana,2006,36040.0,61268.0
Paraguai,2006,1959870.0,892147.0
Países Baixos (Holanda),2006,49.0,243.0
Cabo Verde,2006,290.0,295.0
Bélgica,2006,764278.0,1127631.0
Congo,2006,1440.0,936.0
"Rússia, Federação da",2006,214200.0,208256.0
Trinidade e Tobago,2006,3.0,179.0
Porto Rico,2006,388500.0,589696.0
Lituânia,2006,120780.0,150840.0
Rússia,2006,432250.0,287307.0
Estados Unidos,2006,14650284.0,28911071.0
Arábia Saudita,2006,73140.0,138906.0
Togo,2006,24.0,21.0
Filipinas,2007,17225.0,34622.0
Austrália,2007,60.0,281.0
República Dominicana,2007,10936.0,25010.0
Coreia do Sul,2007,301320.0,403796.0
Estados Unidos,2007,11968673.0,24839944.0
Portugal,2007,137327.0,219395.0
China,2007,7713.0,30854.0
Hong Kong,2007,15640.0,37502.0
Dinamarca,2007,45277.0,114562.0
Reino Unido,2007,17763862.0,41306730.0
Países Baixos,2007,40804165.0,81373752.0
Uruguai,2007,66477.0,37638.0
"Coreia, Republica Sul",2007,1012.0,4650.0
Antilhas Holandesas,2007,17025.0,17949.0
Guadalupe,2007,15300.0,30151.0
Luxemburgo,2007,1085.0,4337.0
"Alemanha, República Democrática",2007,2376219.0,5429509.0
Malásia,2007,18550.0,38028.0
Espanha,2007,77556.0,102057.0
Alemanha,2007,3547.0,10192.0
Trinidade e Tobago,2007,30985.0,56135.0
Rússia,2007,266400.0,173160.0
"Rússia, Federação da",2007,550147.0,1045637.0
Irlanda,2007,336410.0,823212.0
Chile,2007,61785.0,74193.0
Guatemala,2007,2388.0,3820.0
Suíça,2007,26090.0,70736.0
Canadá,2007,1650253.0,4257866.0
Bolívia,2007,6522.0,9415.0
Japão,2007,5131825.0,9283888.0
Países Baixos (Holanda),2007,199.0,1100.0
Belgica,2007,540.0,2304.0
Itália,2007,118163.0,349378.0
França,2007,14231.0,27100.0
Emirados Árabes Unidos,2007,33435.0,90278.0
Venezuela,2007,20700.0,27370.0
Lituânia,2007,195696.0,278716.0
Taiwan (Formosa),2007,17781.0,34021.0
Noruega,2007,1634224.0,5472840.0
"Tcheca, República",2007,86609.0,192154.0
México,2007,119318.0,287665.0
Porto Rico,2007,381495.0,693953.0
Republica Dominicana,2007,23.0,83.0
Canada,2007,1350.0,6705.0
Suécia,2007,193795.0,534535.0
Tailândia,2007,5339.0,11425.0
Republica Tcheca,2007,1820.0,4169.0
Angola,2007,75619.0,99745.0
Gana,2007,20.0,16.0
Panamá,2007,810.0,1030.0
Arábia Saudita,2007,292560.0,637078.0
Equador,2007,2700.0,3585.0
Cabo Verde,2007,86.0,69.0
Suriname,2007,2700.0,4603.0
Estônia,2007,77697.0,54056.0
Outros(1),2007,3082.0,13359.0
Cuba,2007,2669.0,5118.0
Argentina,2007,477445.0,852758.0
Quênia,2007,10600.0,13860.0
Bélgica,2007,2252577.0,5393091.0
Togo,2007,11.0,11.0
Cingapura,2007,7270.0,17864.0
Paraguai,2007,1294355.0,814325.0
Republica Tcheca,2008,493.0,1125.0
Arábia Saudita,2008,48760.0,123802.0
"Rússia, Federação da",2008,873977.0,1853317.0
Taiwan (Formosa),2008,21434.0,46457.0
Irlanda,2008,764178.0,2288680.0
Suíça,2008,71379.0,262300.0
Belgica,2008,112.0,682.0
Espanha,2008,3937.0,9928.0
Honduras,2008,216.0,782.0
Nigéria,2008,7560.0,10920.0
Paquistão,2008,390.0,462.0
Cabo Verde,2008,490.0,341.0
Tailândia,2008,3000.0,8526.0
Guine Equatorial,2008,862.0,2687.0
Estônia,2008,4114.0,9730.0
"Coreia do Sul, Republica da",2008,842.0,2553.0
Paraguai,2008,2269870.0,1434680.0
Guadalupe,2008,15300.0,34850.0
Panamá,2008,1161.0,1882.0
Guiné Equatorial,2008,2.0,416.0
"Coreia, Republica Sul",2008,3520.0,14366.0
Alemanha,2008,5423.0,20928.0
Rússia,2008,6207658.0,2352768.0
Uruguai,2008,40678.0,60952.0
"Eslovaca, Republica",2008,585.0,16063.0
Luxemburgo,2008,15289.0,48708.0
Suriname,2008,900.0,1625.0
Reino Unido,2008,18701703.0,38997523.0
Cingapura,2008,1611.0,6632.0
Bélgica,2008,3167389.0,8124268.0
Portugal,2008,49090.0,48942.0
Gana,2008,18168.0,25642.0
Dinamarca,2008,414580.0,1243566.0
Canadá,2008,760468.0,2702133.0
França,2008,17000.0,42929.0
China,2008,8689.0,25926.0
Antilhas Holandesas,2008,18412.0,23628.0
Hong Kong,2008,3240.0,17514.0
Angola,2008,125088.0,233306.0
"Tcheca, República",2008,18131.0,66145.0
Trinidade e Tobago,2008,3446.0,3471.0
Argentina,2008,726007.0,1483054.0
Suécia,2008,279617.0,647823.0
Haiti,2008,20.0,20.0
Finlândia,2008,24580.0,79087.0
Togo,2008,5160.0,7800.0
Coreia do Sul,2008,87450.0,245834.0
Emirados Arabes Unidos,2008,2437.0,12298.0
Namíbia,2008,340.0,722.0
Polônia,2008,22972.0,68743.0
"Dominica, Ilha de",2008,348.0,324.0
Japão,2008,5803725.0,13058270.0
Malásia,2008,37100.0,89040.0
Barbados,2008,1703.0,1983.0
Países Baixos,2008,34753700.0,66010850.0
Emirados Árabes Unidos,2008,160700.0,306763.0
Lituânia,2008,94212.0,175035.0
Porto Rico,2008,407105.0,952558.0
Arabia Saudita,2008,47328.0,103666.0
Noruega,2008,1434054.0,4094121.0
Estados Unidos,2008,19975554.0,42889685.0
República Dominicana,2008,30210.0,75434.0
Austrália,2008,218726.0,99280.0
Costa Rica,2008,55.0,200.0
Bolívia,2008,6626.0,8600.0
Itália,2008,204000.0,574137.0
Benin,2008,10350.0,17423.0
"Alemanha, República Democrática",2008,1563733.0,3123041.0
Luxemburgo,2009,8838.0,46087.0
Uruguai,2009,33954.0,64892.0
"Alemanha, República Democrática",2009,984680.0,1869239.0
Tailândia,2009,4500.0,12789.0
República Dominicana,2009,21465.0,60138.0
Estônia,2009,5438.0,10802.0
Israel,2009,18550.0,46097.0
Republica Tcheca,2009,395.0,900.0
Argentina,2009,415430.0,940727.0
Polônia,2009,8527.0,42656.0
Rússia,2009,21912914.0,5732280.0
Paraguai,2009,518709.0,433867.0
Portugal,2009,141000.0,168923.0
Alemanha,2009,6648.0,29018.0
Arábia Saudita,2009,48760.0,124520.0
Chile,2009,3148.0,12910.0
China,2009,1553416.0,482400.0
Honduras,2009,14.0,30.0
Antilhas Holandesas,2009,8415.0,12311.0
Cingapura,2009,3395.0,8894.0
Panamá,2009,24.0,30.0
Dinamarca,2009,327980.0,898925.0
Canadá,2009,704542.0,2398161.0
Suíça,2009,27950.0,81786.0
Estados Unidos,2009,13838620.0,25609525.0
Venezuela,2009,7688.0,15969.0
Finlândia,2009,58825.0,161700.0
Barbados,2009,2806.0,2314.0
Espanha,2009,2181.0,4050.0
Aruba,2009,5008.0,3270.0
Guine Equatorial,2009,199.0,369.0
Bélgica,2009,1633521.0,3288387.0
Vietnã,2009,1418.0,3911.0
Malásia,2009,18550.0,44520.0
Japão,2009,4224429.0,9230913.0
Bolívia,2009,40463.0,20729.0
Emirados Árabes Unidos,2009,16728.0,33861.0
México,2009,18550.0,48230.0
Emirados Arabes Unidos,2009,1398.0,4032.0
Lituânia,2009,45900.0,147364.0
Reino Unido,2009,13329124.0,27542072.0
El Salvador,2009,55.0,100.0
Haiti,2009,4500.0,5863.0
Itália,2009,145186.0,499773.0
Suécia,2009,191404.0,444580.0
Países Baixos (Holanda),2009,2250.0,11276.0
Peru,2009,7950.0,19478.0
Africa do Sul,2009,15300.0,32130.0
Porto Rico,2009,351740.0,803785.0
Nicarágua,2009,24.0,24.0
Guatemala,2009,1820.0,2870.0
"Rússia, Federação da",2009,31488.0,70848.0
Noruega,2009,1406774.0,4007602.0
Austrália,2009,1014.0,9195.0
Países Baixos,2009,22834323.0,44321929.0
"Tcheca, República",2009,9269.0,43902.0
Angola,2009,333373.0,419227.0
Suriname,2009,3830.0,12918.0
Nigéria,2009,41.0,115.0
Hong Kong,2009,50439.0,27693.0
Irlanda,2009,628605.0,2110422.0
Irlanda,2010,224449.0,699367.0
Aruba,2010,1878.0,1143.0
Estônia,2010,15848.0,40778.0
Reino Unido,2010,15160760.0,33278161.0
Angola,2010,144108.0,870532.0
"Tcheca, República",2010,2032.0,9202.0
Uruguai,2010,30394.0,73502.0
Panamá,2010,27.0,30.0
Antilhas Holandesas,2010,9810.0,12808.0
Dinamarca,2010,371989.0,997660.0
Porto Rico,2010,75860.0,178570.0
Paraguai,2010,531987.0,502104.0
Suécia,2010,368010.0,859539.0
Hungria,2010,540.0,4103.0
Vietnã,2010,9009.0,10628.0
Emirados Árabes Unidos,2010,80784.0,154936.0
Tailândia,2010,2400.0,6821.0
Gana,2010,2626.0,2803.0
Haiti,2010,2700.0,3750.0
Belgica,2010,12897.0,49742.0
Lituânia,2010,140380.0,340302.0
Suíça,2010,2144.0,22066.0
Alemanha,2010,1958.0,6877.0
Venezuela,2010,450.0,1512.0
Austrália,2010,1823.0,17960.0
Países Baixos,2010,26236585.0,59105687.0
Itália,2010,116557.0,386479.0
"Rússia, Federação da",2010,301102.0,758660.0
Bélgica,2010,1820066.0,4443887.0
Noruega,2010,1016725.0,2766991.0
Emirados Arabes Unidos,2010,1233.0,4010.0
Países Baixos (Holanda),2010,2896.0,11444.0
Bahamas,2010,3321.0,13554.0
Portugal,2010,10085.0,36670.0
Canadá,2010,716985.0,1912515.0
Nicarágua,2010,20.0,40.0
República Dominicana,2010,21431.0,61904.0
Finlândia,2010,36500.0,120256.0
Israel,2010,18550.0,46097.0
Letônia,2010,32400.0,86769.0
Cabo Verde,2010,11991.0,49366.0
Polônia,2010,20554.0,95797.0
Cingapura,2010,1780.0,6242.0
Japão,2010,2824865.0,7264121.0
Falkland (Ilhas Malvinas),2010,14.0,63.0
Guatemala,2010,1660.0,2908.0
Luxemburgo,2010,8190.0,37524.0
França,2010,4604.0,22855.0
Guiana,2010,783.0,3654.0
Guiné Bissau,2010,32.0,70.0
México,2010,132402.0,126175.0
Costa Rica,2010,12.0,30.0
Argentina,2010,447120.0,1010439.0
Espanha,2010,127930.0,252454.0
Estonia,2010,495.0,1860.0
Guine Equatorial,2010,553.0,1511.0
China,2010,1211.0,3924.0
Birmânia,2010,8.0,14.0
Suriname,2010,1836.0,1269.0
Estados Unidos,2010,13685120.0,30002613.0
"Alemanha, República Democrática",2010,741657.0,1576095.0
Trinidade e Tobago,2010,18.0,20.0
Filipinas,2010,15909.0,22258.0
Bolívia,2010,12553.0,6745.0
Lituânia,2011,114350.0,245434.0
Suécia,2011,241954.0,436905.0
Dinamarca,2011,46141.0,121784.0
Colombia,2011,90.0,1068.0
Cuba,2011,2880.0,4899.0
Irlanda,2011,95471.0,180872.0
Bahamas,2011,5530.0,35844.0
Trinidade e Tobago,2011,18550.0,71232.0
Antilhas Holandesas,2011,16479.0,75954.0
"Tcheca, República",2011,6846.0,37271.0
Reino Unido,2011,13390960.0,32203824.0
Luxemburgo,2011,10018.0,68465.0
Canadá,2011,863706.0,2379772.0
Países Baixos (Holanda),2011,5948.0,18399.0
Porto Rico,2011,74200.0,293092.0
Arabia Saudita,2011,15300.0,30600.0
Argentina,2011,292304.0,657977.0
Nicarágua,2011,39.0,20.0
Nova Zelândia,2011,2878.0,9598.0
El Salvador,2011,20.0,10.0
Bolívia,2011,16150.0,29173.0
Espanha,2011,19366.0,67197.0
Congo,2011,360.0,570.0
Bélgica,2011,134529.0,333994.0
Hong Kong,2011,2487.0,9595.0
Guine Equatorial,2011,956.0,1979.0
Japão,2011,4102642.0,14162575.0
Alemanha,2011,1976.0,12018.0
Estados Unidos,2011,16711712.0,39134274.0
República Dominicana,2011,38160.0,151549.0
Estônia,2011,450.0,5336.0
Itália,2011,128601.0,404801.0
China,2011,56984.0,344828.0
Nigéria,2011,162.0,716.0
Aruba,2011,900.0,1680.0
Finlândia,2011,12404.0,50394.0
Angola,2011,14793.0,83197.0
França,2011,1481.0,4436.0
Taiwan (Formosa),2011,4500.0,10600.0
Cabo Verde,2011,600.0,825.0
Venezuela,2011,52680.0,163175.0
Peru,2011,11925.0,47343.0
Portugal,2011,113.0,1059.0
"Rússia, Federação da",2011,501930.0,893448.0
Canada,2011,1894.0,7716.0
Austrália,2011,3632.0,40704.0
Suriname,2011,44774.0,148055.0
Republica Tcheca,2011,526.0,2020.0
Paraguai,2011,257388.0,310990.0
Honduras,2011,55.0,120.0
Emirados Árabes Unidos,2011,50184.0,109956.0
México,2011,63282.0,250324.0
Países Baixos,2011,25472460.0,56490723.0
"Alemanha, República Democrática",2011,1203313.0,2574495.0
Filânldia,2011,1287.0,6359.0
Uruguai,2011,36695.0,96011.0
Suíça,2011,3465.0,12250.0
Polônia,2011,12111.0,52392.0
Emirados Arabes Unidos,2011,2310.0,7184.0
Malásia,2011,18550.0,72160.0
Cingapura,2011,911.0,3317.0
Noruega,2011,977951.0,2731492.0
Finlândia,2012,126378.0,513585.0
Lituânia,2012,111944.0,302874.0
Bolívia,2012,16353.0,28623.0
África do Sul,2012,3739.0,6324.0
Nigéria,2012,6837.0,12180.0
Estonia,2012,369.0,1882.0
Canada,2012,640.0,4663.0
Itália,2012,119587.0,390730.0
"Alemanha, República Democrática da",2012,1.0,1.0
Luxemburgo,2012,6764.0,32540.0
Rússia,2012,4528176.0,2103968.0
Panamá,2012,39.0,2262.0
Suécia,2012,366970.0,1093537.0
Colômbia,2012,12000.0,44520.0
"Rússia, Federação da",2012,45320.0,104620.0
Emirados Arabes Unidos,2012,675.0,3300.0
Países Baixos,2012,26773734.0,62234323.0
Trinidade e Tobago,2012,37483.0,138891.0
Bélgica,2012,16132.0,90718.0
Canadá,2012,765895.0,2289758.0
Cingapura,2012,1212.0,5310.0
Hong Kong,2012,2006.0,10509.0
Estônia,2012,3321.0,19384.0
Alemanha,2012,833.0,5072.0
Argentina,2012,173356.0,332710.0
China,2012,91171.0,667909.0
Polônia,2012,21663.0,89158.0
Estados Unidos,2012,9098342.0,19979474.0
"Alemanha, República Democrática",2012,1029264.0,2121187.0
França,2012,196549.0,191907.0
Tailândia,2012,2700.0,10800.0
México,2012,83291.0,309005.0
Bahamas,2012,1590.0,14247.0
Belgica,2012,7404.0,40086.0
Nova Zelândia,2012,2514.0,9838.0
Noruega,2012,1282357.0,3802194.0
Chile,2012,19020.0,43273.0
República Dominicana,2012,14310.0,54564.0
Portugal,2012,47172.0,47022.0
Angola,2012,3256.0,12779.0
Japão,2012,2199458.0,6874343.0
Paraguai,2012,412664.0,514634.0
Países Baixos (Holanda),2012,3854.0,25485.0
Australia,2012,1317.0,11057.0
Guine Equatorial,2012,899.0,3128.0
Suíça,2012,7794.0,78320.0
Suriname,2012,22146.0,79566.0
Irlanda,2012,61750.0,60763.0
Dinamarca,2012,18492.0,69934.0
Peru,2012,5035.0,18881.0
Reino Unido,2012,12521031.0,30581442.0
"Tcheca, República",2012,7960.0,27789.0
Venezuela,2012,55779.0,185965.0
Uruguai,2012,16159.0,44422.0
Austrália,2012,9345.0,56045.0
Costa Rica,2012,34.0,30.0
Antilhas Holandesas,2012,9247.0,14081.0
Quênia,2012,182.0,945.0
Emirados Árabes Unidos,2012,65280.0,133946.0
Filânldia,2012,378.0,4084.0
Trinidade Tobago,2012,531.0,2720.0
Paraguai,2013,562574.0,868461.0
França,2013,12309.0,65573.0
Coveite,2013,8.0,28.0
Republica Tcheca,2013,158.0,1755.0
Irlanda,2013,81873.0,113499.0
Estados Unidos,2013,3042112.0,6921905.0
Guiana,2013,14.0,93.0
Angola,2013,12424.0,51959.0
"Alemanha, República Democrática da",2013,4.0,5.0
Líbia,2013,7584.0,20760.0
Emirados Árabes Unidos,2013,233100.0,545937.0
Uruguai,2013,72963.0,214015.0
Coreia do Sul,2013,18550.0,52478.0
Peru,2013,10755.0,26560.0
Portugal,2013,23820.0,17638.0
Colombia,2013,22.0,196.0
Japão,2013,3644080.0,10997512.0
Bélgica,2013,22461.0,95893.0
Malásia,2013,18550.0,53795.0
Bahamas,2013,851.0,7845.0
Antilhas Holandesas,2013,11281.0,19565.0
Itália,2013,50025.0,158589.0
Filânldia,2013,693.0,9556.0
Argentina,2013,32640.0,73440.0
Noruega,2013,1216589.0,3799400.0
Haiti,2013,48.0,174.0
Quênia,2013,7.0,5.0
Polônia,2013,19249.0,90960.0
Venezuela,2013,123975.0,376208.0
Australia,2013,767.0,5809.0
Colômbia,2013,13013.0,46465.0
"Rússia, Federação da",2013,61440.0,176640.0
Suécia,2013,961581.0,2800622.0
Hong Kong,2013,16599.0,65373.0
Alemanha,2013,5809.0,30461.0
"Alemanha, República Democrática",2013,2519354.0,5582754.0
Países Baixos,2013,21065378.0,49466691.0
Países Baixos (Holanda),2013,1822.0,10000.0
República Dominicana,2013,37365.0,83445.0
Cingapura,2013,766.0,5779.0
Reino Unido,2013,13367550.0,32532447.0
México,2013,86626.0,310549.0
Guine Equatorial,2013,4020.0,19945.0
Bolívia,2013,22150.0,34236.0
Suíça,2013,4617.0,43799.0
Lituânia,2013,119288.0,263523.0
"Tcheca, República",2013,3817.0,23965.0
Canada,2013,10371.0,36809.0
Finlândia,2013,340802.0,1254935.0
Austrália,2013,16707.0,101715.0
Dinamarca,2013,132156.0,417443.0
Luxemburgo,2013,5900.0,33447.0
Espanha,2013,1976355.0,3771408.0
Nigéria,2013,1380.0,2301.0
Trinidade e Tobago,2013,18550.0,63958.0
Tailândia,2013,3300.0,58383.0
Belgica,2013,1100.0,6078.0
China,2013,60312.0,333783.0
Suriname,2013,14050.0,48653.0
Rússia,2013,5893291.0,14795694.0
Nova Zelândia,2013,19704.0,51438.0
Canadá,2013,751256.0,2033415.0
Antilhas Holandesas,2014,4455.0,7169.0
Rússia,2014,190656.0,61440.0
Cuba,2014,38875.0,43200.0
Dinamarca,2014,102296.0,296247.0
República Dominicana,2014,25970.0,97634.0
Países Baixos (Holanda),2014,8280.0,51852.0
Taiwan (Formosa),2014,12519.0,67907.0
Republica Tcheca,2014,7.0,66.0
Suíça,2014,38869.0,343021.0
Guiana,2014,1.0,6.0
Colômbia,2014,4000.0,13530.0
Austrália,2014,6308.0,43709.0
"Tcheca, República",2014,4860.0,36189.0
"Alemanha, República Democrática",2014,1862862.0,4285944.0
Porto Rico,2014,18550.0,48230.0
Argentina,2014,20635.0,95905.0
Australia,2014,618.0,3951.0
Noruega,2014,950787.0,2594099.0
Aruba,2014,450.0,755.0
Uruguai,2014,63423.0,202181.0
Venezuela,2014,53349.0,159623.0
Trinidade Tobago,2014,360.0,1600.0
Nova Zelândia,2014,12225.0,38344.0
China,2014,69999.0,490530.0
Canada,2014,1847.0,13240.0
Emirados Árabes Unidos,2014,918000.0,2560696.0
Suécia,2014,10502.0,51591.0
México,2014,111071.0,305467.0
Reino Unido,2014,9395195.0,24604189.0
Belgica,2014,104153.0,499164.0
Bolívia,2014,15957.0,26001.0
Trinidade e Tobago,2014,37415.0,129467.0
Alemanha,2014,9236.0,62169.0
Líbia,2014,30720.0,96754.0
Hong Kong,2014,25686.0,96116.0
"Alemanha, República Democrática da",2014,38480.0,23268.0
Tailândia,2014,4980.0,19920.0
Canadá,2014,328138.0,988631.0
Coveite,2014,655.0,2022.0
Luxemburgo,2014,9361.0,58190.0
Japão,2014,4579135.0,12116980.0
Polônia,2014,30387.0,109202.0
"Coreia do Sul, Republica da",2014,4950.0,22797.0
Paraguai,2014,668221.0,1197374.0
Chile,2014,789.0,4539.0
Emirados Arabes Unidos,2014,640.0,3381.0
Suriname,2014,25287.0,94291.0
Guine Equatorial,2014,9691.0,35731.0
"Rússia, Federação da",2014,66912.0,150552.0
Peru,2014,10995.0,29702.0
Países Baixos,2014,15092471.0,34034750.0
Cingapura,2014,654.0,4587.0
Bélgica,2014,168168.0,725348.0
Finlândia,2014,165460.0,481612.0
Itália,2014,784.0,3324.0
Estados Unidos,2014,332285.0,831585.0
França,2014,41563.0,210759.0
Lituânia,2014,255411.0,534737.0
Angola,2014,20248.0,48427.0
Portugal,2014,71544.0,79141.0
Líbia,2015,33156.0,87798.0
Polônia,2015,11879.0,45091.0
México,2015,82377.0,238026.0
Venezuela,2015,17640.0,51709.0
Trinidade e Tobago,2015,39155.0,132194.0
Emirados Árabes Unidos,2015,1341949.0,3423418.0
Porto Rico,2015,45.0,1736.0
Canada,2015,2405.0,15821.0
"Tcheca, República",2015,2297.0,15304.0
Arabia Saudita,2015,61200.0,140760.0
Itália,2015,6.0,20.0
Portugal,2015,47736.0,42586.0
Reino Unido,2015,9654282.0,23131987.0
Canadá,2015,263747.0,701047.0
Nigéria,2015,61200.0,82620.0
Togo,2015,642.0,489.0
Austrália,2015,7708.0,48647.0
"Alemanha, República Democrática da",2015,6.0,6.0
Nova Zelândia,2015,10317.0,24703.0
Filipinas,2015,102555.0,201996.0
Alemanha,2015,6256.0,30939.0
Finlândia,2015,123500.0,253387.0
Cuba,2015,97965.0,108864.0
França,2015,17842.0,208046.0
Uruguai,2015,128286.0,253716.0
Republica Tcheca,2015,23.0,278.0
Angola,2015,3286.0,18828.0
Suíça,2015,16952.0,95438.0
República Dominicana,2015,20270.0,65855.0
Hong Kong,2015,30014.0,50440.0
Países Baixos (Holanda),2015,1665.0,7907.0
Japão,2015,2069761.0,4702320.0
Emirados Arabes Unidos,2015,765.0,3740.0
China,2015,77158.0,291706.0
Paraguai,2015,695015.0,1044701.0
Lituânia,2015,133236.0,208166.0
Dinamarca,2015,126371.0,323236.0
Panamá,2015,450.0,617.0
Países Baixos,2015,17905238.0,34212132.0
Taiwan (Formosa),2015,7200.0,23940.0
Antilhas Holandesas,2015,6660.0,10545.0
Benin,2015,438.0,321.0
"Rússia, Federação da",2015,208715.0,335657.0
Suriname,2015,23906.0,86119.0
Colômbia,2015,6650.0,18296.0
Bolívia,2015,22959.0,46201.0
Suécia,2015,90704.0,182988.0
Noruega,2015,608250.0,1506611.0
Guiana,2015,22.0,221.0
Australia,2015,235.0,1368.0
Argentina,2015,800.0,5992.0
Rússia,2015,47664.0,18240.0
Cingapura,2015,1116.0,2774.0
"Alemanha, República Democrática",2015,3287867.0,6577737.0
Luxemburgo,2015,2295.0,17358.0
Estados Unidos,2015,734549.0,2303628.0
Bélgica,2015,93305.0,245459.0
Belgica,2015,900.0,5280.0
Áustria,2016,675.0,5220.0
Noruega,2016,661500.0,1603529.0
"Coreia do Sul, Republica da",2016,212.0,1180.0
Islândia,2016,12000.0,36321.0
Canadá,2016,124463.0,358550.0
"Tcheca, República",2016,3967.0,28752.0
Nigéria,2016,68.0,445.0
Estônia,2016,900.0,4800.0
Angola,2016,13410.0,47171.0
Australia,2016,594.0,2602.0
Espanha,2016,14400.0,36070.0
Japão,2016,1883254.0,4149533.0
Dinamarca,2016,13346.0,38303.0
Colombia,2016,617.0,1532.0
Cingapura,2016,5445.0,13199.0
Trinidade e Tobago,2016,37610.0,128791.0
República Dominicana,2016,25970.0,96571.0
Tailândia,2016,3960.0,33741.0
China,2016,139912.0,522026.0
México,2016,95340.0,305904.0
França,2016,6037.0,30055.0
Bolívia,2016,23965.0,44630.0
Filânldia,2016,7522.0,35948.0
Venezuela,2016,632953.0,2004467.0
Irlanda,2016,162885.0,433477.0
Emirados Arabes Unidos,2016,585.0,2760.0
Reino Unido,2016,7802121.0,17221359.0
Guiné Equatorial,2016,7738.0,17056.0
Suíça,2016,4500.0,36059.0
Antilhas Holandesas,2016,16641.0,26450.0
Luxemburgo,2016,2804.0,21947.0
Suécia,2016,357811.0,774284.0
Hong Kong,2016,9951.0,91581.0
Bélgica,2016,7200.0,46534.0
Cuba,2016,63741.0,69830.0
Polônia,2016,11457.0,35402.0
Chile,2016,10354.0,67787.0
Republica Tcheca,2016,94.0,532.0
Estados Unidos,2016,718183.0,2173425.0
Nova Zelândia,2016,504.0,9472.0
Togo,2016,709.0,556.0
"Alemanha, República Democrática",2016,2398124.0,5229189.0
Emirados Árabes Unidos,2016,1648528.0,4118900.0
Suriname,2016,15900.0,54835.0
Canada,2016,901.0,3821.0
Haiti,2016,864.0,901.0
Itália,2016,720.0,4245.0
Alemanha,2016,4293.0,19088.0
Austrália,2016,2753.0,15686.0
"Coreia, Republica Sul",2016,8.0,20.0
Paraguai,2016,1131752.0,1935714.0
Países Baixos,2016,16179629.0,32565173.0
Colômbia,2016,5700.0,18531.0
Uruguai,2016,94472.0,231313.0
Taiwan (Formosa),2016,19673.0,93863.0
Benin,2016,5040.0,20333.0
Argentina,2016,1157638.0,2350311.0
Finlândia,2016,31617.0,106355.0
Bolívia,2017,22960.0,70144.0
Emirados Arabes Unidos,2017,675.0,3302.0
Argentina,2017,2872932.0,5762915.0
Guine Bissau,2017,48.0,90.0
China,2017,96055.0,334351.0
Angola,2017,10330.0,62865.0
Suíça,2017,8415.0,91700.0
Tailândia,2017,6720.0,23275.0
Itália,2017,1935.0,10630.0
"Alemanha, República Democrática",2017,3369298.0,6818204.0
Estados Unidos,2017,2008201.0,6944319.0
Austrália,2017,2150.0,10547.0
Suriname,2017,22690.0,76888.0
Irlanda,2017,199402.0,565158.0
Hong Kong,2017,21595.0,44353.0
Costa Rica,2017,3026.0,12611.0
Letônia,2017,545.0,6149.0
Paraguai,2017,2595063.0,4718955.0
"Coreia do Sul, Republica da",2017,442.0,1470.0
Noruega,2017,518000.0,1309866.0
Belgica,2017,450.0,2646.0
Australia,2017,595.0,2276.0
Luxemburgo,2017,4495.0,25846.0
Canadá,2017,21413.0,110263.0
Curaçao,2017,14141.0,30691.0
Dinamarca,2017,581.0,2829.0
Nova Zelândia,2017,1874.0,9161.0
Uruguai,2017,117605.0,301670.0
Reino Unido,2017,9123396.0,20672076.0
São Tomé e Príncipe,2017,120.0,442.0
Guine Equatorial,2017,2639.0,30563.0
Venezuela,2017,1135.0,4851.0
Catar,2017,13338.0,81606.0
Guiana,2017,4.0,61.0
Colombia,2017,595.0,2600.0
Trinidade e Tobago,2017,18550.0,63977.0
Espanha,2017,33885.0,116701.0
Cuba,2017,62791.0,72229.0
Cingapura,2017,6300.0,10510.0
Alemanha,2017,4824.0,28799.0
Cabo Verde,2017,180.0,330.0
Chile,2017,26887.0,233904.0
"Rússia, Federação da",2017,199140.0,477800.0
Japão,2017,1973323.0,5556449.0
Emirados Árabes Unidos,2017,1645205.0,4252353.0
Camarões,2017,7046.0,25994.0
Quênia,2017,100.0,1512.0
Taiwan (Formosa),2017,16495.0,50528.0
Republica Tcheca,2017,207.0,942.0
França,2017,4316.0,21670.0
Bélgica,2017,2790.0,16405.0
Suécia,2017,265548.0,567607.0
Antilhas Holandesas,2017,5400.0,8550.0
Países Baixos,2017,24328243.0,50499985.0
República Dominicana,2017,44520.0,169620.0
Portugal,2017,13911.0,33275.0
"Tcheca, República",2017,2940.0,17404.0
Finlândia,2017,111720.0,202785.0
Bulgária,2017,117.0,1579.0
México,2017,77099.0,281670.0
Antígua e Barbuda,2018,150.0,408.0
Japão,2018,1051325.0,2527064.0
Chile,2018,38343.0,253778.0
"Alemanha, República Democrática",2018,2881214.0,5878974.0
Guine Equatorial,2018,8389.0,26808.0
Dinamarca,2018,103509.0,196650.0
Suíça,2018,1027.0,8628.0
Serra Leoa,2018,12.0,13.0
Taiwan (Formosa),2018,9398.0,23255.0
México,2018,27658.0,78298.0
Emirados Árabes Unidos,2018,365615.0,899131.0
"Alemanha, República Democrática da",2018,96.0,91.0
República Dominicana,2018,29680.0,113081.0
Argélia,2018,20688.0,31001.0
Vietnã,2018,10.0,51.0
China,2018,74680.0,233491.0
Belgica,2018,1800.0,10555.0
Taiwan,2018,39.0,115.0
Paraguai,2018,3454660.0,5868036.0
Grécia,2018,1823.0,4761.0
Porto Rico,2018,100.0,1512.0
Ilha de Man,2018,48.0,116.0
Índia,2018,341.0,684.0
Quênia,2018,6771.0,31225.0
Gibraltar,2018,69.0,175.0
"Coreia, Republica Sul",2018,120.0,109.0
Bermudas,2018,23.0,69.0
Países Baixos,2018,22339719.0,46758037.0
Catar,2018,1100.0,4932.0
Austrália,2018,2635.0,9095.0
Tailândia,2018,217.0,648.0
Espanha,2018,503196.0,1029706.0
Malásia,2018,45.0,134.0
Hong Kong,2018,19242.0,38255.0
Polônia,2018,23819.0,78287.0
Camarões,2018,90.0,284.0
Falkland (Malvinas),2018,50.0,66.0
Turquia,2018,594.0,690.0
"Tcheca, República",2018,2712.0,20980.0
Falkland (Ilhas Malvinas),2018,31.0,93.0
Haiti,2018,79500.0,144425.0
Coreia do Sul,2018,54.0,154.0
Malta,2018,1233.0,3017.0
El Salvador,2018,1.0,10.0
Colômbia,2018,6944.0,26273.0
Eslovênia,2018,10.0,30.0
Colombia,2018,2309.0,8637.0
Bolívia,2018,28079.0,84005.0
India,2018,48.0,41.0
Rússia,2018,47765.0,18240.0
Arabia Saudita,2018,14725.0,28615.0
"Marshall, Ilhas",2018,3003.0,7902.0
Guiana Francesa,2018,64.0,362.0
Gana,2018,9000.0,13502.0
Uruguai,2018,204292.0,365256.0
Barbados,2018,15.0,59.0
Chipre,2018,854.0,1711.0
"Cayman, Ilhas",2018,80.0,343.0
França,2018,14056.0,64373.0
"Dominica, Ilha de",2018,35.0,44.0
Nigéria,2018,6151.0,10279.0
Venezuela,2018,76.0,365.0
Alemanha,2018,4092.0,21373.0
Cuba,2018,4777.0,5586.0
Emirados Arabes Unidos,2018,360.0,1762.0
Angola,2018,2450.0,2575.0
Peru,2018,6770.0,25751.0
Itália,2018,4996.0,18685.0
Bélgica,2018,158017.0,334632.0
Canada,2018,23.0,94.0
Portugal,2018,3839.0,26734.0
Provisão de Navios e Aeronaves,2018,30.0,55.0
Islândia,2018,13000.0,20725.0
Canadá,2018,51592.0,202769.0
Aruba,2018,18.0,7.0
Irlanda,2018,150890.0,268835.0
Filipinas,2018,9746.0,16538.0
São Tomé e Príncipe,2018,2184.0,2357.0
Romênia,2018,40.0,172.0
Guatemala,2018,206.0,1052.0
Cingapura,2018,53125.0,153892.0
Panamá,2018,3711.0,9949.0
Barein,2018,27.0,105.0
Noruega,2018,170609.0,392326.0
Tuvalu,2018,1.0,3.0
Argentina,2018,1557498.0,2558398.0
Libéria,2018,2591.0,8053.0
Reino Unido,2018,8649196.0,21257225.0
Luxemburgo,2018,1891.0,11708.0
Bahamas,2018,25788.0,52710.0
Egito,2018,10.0,40.0
Suécia,2018,109466.0,245994.0
Cabo Verde,2018,198.0,378.0
Curaçao,2018,25679.0,47687.0
Estados Unidos,2018,2907384.0,9030828.0
Nova Zelândia,2018,10259.0,29848.0
"Rússia, Federação da",2018,80.0,454.0
"Coreia do Sul, Republica da",2018,3.0,15.0
Colombia,2019,804.0,2185.0
França,2019,24500.0,94969.0
Suriname,2019,6388.0,13330.0
"Alemanha, República Democrática",2019,1866757.0,3505757.0
Hong Kong,2019,31836.0,171405.0
Guiana,2019,424.0,1311.0
Irlanda,2019,514828.0,1113110.0
África do Sul,2019,26.0,95.0
Cingapura,2019,41219.0,170004.0
Dinamarca,2019,56515.0,131174.0
Irã,2019,509.0,1013.0
Índia,2019,578.0,1674.0
Suécia,2019,72064.0,157372.0
Tuvalu,2019,6.0,23.0
Haiti,2019,81873.0,129803.0
Montenegro,2019,9.0,46.0
Arabia Saudita,2019,167731.0,271231.0
Egito,2019,20.0,97.0
Ilha de Man,2019,250.0,674.0
Libéria,2019,15410.0,52556.0
Uruguai,2019,90428.0,131871.0
Canadá,2019,26154.0,226958.0
"Cayman, Ilhas",2019,250.0,787.0
Paraguai,2019,2537880.0,4075502.0
Togo,2019,13.0,52.0
Colômbia,2019,897.0,1999.0
Australia,2019,180.0,800.0
Catar,2019,122.0,3800.0
Omã,2019,60.0,193.0
Canada,2019,2185.0,8228.0
"Marshall, Ilhas",2019,19355.0,50428.0
Jérsei,2019,24.0,58.0
Guatemala,2019,2043.0,11652.0
Nigéria,2019,30246.0,46068.0
Camores,2019,20.0,75.0
Taiwan (Formosa),2019,17.0,73.0
Antigua e Barbuda,2019,7.0,34.0
Malásia,2019,9343.0,24283.0
Barein,2019,1440.0,5497.0
Panamá,2019,19887.0,61232.0
"Rússia, Federação da",2019,48084.0,101082.0
Belice,2019,9.0,29.0
Peru,2019,10351.0,19164.0
India,2019,117.0,356.0
China,2019,157218.0,471928.0
Argentina,2019,1190382.0,1761855.0
Mônaco,2019,20.0,29.0
Curaçao,2019,37324.0,75743.0
Filipinas,2019,1354.0,4444.0
Belgica,2019,1869.0,11405.0
Rússia,2019,71726.0,27443.0
Cabo Verde,2019,126.0,236.0
México,2019,24606.0,67793.0
Emirados Arabes Unidos,2019,483.0,2366.0
Antígua e Barbuda,2019,504.0,2228.0
"Coreia do Sul, Republica da",2019,32.0,115.0
Países Baixos,2019,19571061.0,36209760.0
Serra Leoa,2019,18.0,717.0
Sri Lanka,2019,81.0,222.0
Bermudas,2019,228.0,1047.0
Líbano,2019,114.0,285.0
Burquina Faso,2019,10.0,37.0
Nova Zelândia,2019,500.0,2832.0
Bahamas,2019,3846.0,12556.0
Belize,2019,20.0,48.0
Bélgica,2019,179440.0,348819.0
Falkland (Ilhas Malvinas),2019,20.0,69.0
Noruega,2019,278396.0,642474.0
"Tcheca, República",2019,2115.0,16391.0
"Coreia, Republica Sul",2019,70.0,194.0
Benin,2019,9.0,9.0
Vietnã,2019,20.0,32.0
Brasil,2019,18.0,62.0
"Alemanha, República Democrática da",2019,12.0,24.0
Alemanha,2019,1003.0,5466.0
Georgia,2019,26928.0,56010.0
Jordânia,2019,265.0,171.0
Angola,2019,1427.0,4825.0
Líbia,2019,207380.0,121775.0
Polônia,2019,18835.0,57171.0
Malta,2019,8390.0,22057.0
Portugal,2019,20585.0,91516.0
Grécia,2019,3351.0,9503.0
Chile,2019,189.0,457.0
Bósnia-Herzegovina,2019,10.0,53.0
Bósnia,2019,52.0,67.0
Coreia do Sul,2019,270.0,620.0
Gana,2019,8483.0,13706.0
Barbados,2019,146.0,748.0
Espanha,2019,1098025.0,2091069.0
Costa do Marfim,2019,16.0,34.0
Chipre,2019,3084.0,8733.0
Gibraltar,2019,297.0,933.0
Venezuela,2019,450.0,2670.0
Austrália,2019,1641.0,6346.0
Emirados Árabes Unidos,2019,240422.0,697259.0
Africa do Sul,2019,8.0,30.0
"Turcas e Caicos, ilhas",2019,10.0,23.0
Luxemburgo,2019,2168.0,13704.0
Japão,2019,1433153.0,3421158.0
Letônia,2019,30.0,55.0
Turquia,2019,630.0,1668.0
Itália,2019,1263.0,4457.0
Estados Unidos,2019,6717730.0,17881095.0
Suíça,2019,5399.0,41123.0
Equador,2019,2.0,3.0
Tailândia,2019,1099.0,4712.0
República Dominicana,2019,29680.0,113080.0
Reino Unido,2019,13547362.0,29898384.0
Países Baixos (Holanda),2019,432.0,923.0
Canadá,2020,103250.0,485171.0
Bahamas,2020,4888.0,14226.0
Colômbia,2020,15676.0,23827.0
Cingapura,2020,10982.0,38718.0
Djibuti,2020,25.0,41.0
Bermudas,2020,414.0,1402.0
Grécia,2020,10150.0,25539.0
Rússia,2020,1463.0,8550.0
Islândia,2020,50.0,106.0
Alemanha,2020,2388.0,14767.0
Líbano,2020,42.0,123.0
Bósnia,2020,447.0,472.0
China,2020,394216.0,883525.0
Curaçao,2020,51875.0,76449.0
Emirados Árabes Unidos,2020,220972.0,631317.0
França,2020,21534.0,106020.0
Chipre,2020,6444.0,16836.0
Países Baixos (Holanda),2020,38.0,717.0
Austrália,2020,2651.0,7352.0
Filipinas,2020,1269.0,2778.0
Suriname,2020,17215.0,36513.0
Vietnã,2020,104.0,633.0
Tuvalu,2020,2.0,4.0
Noruega,2020,185817.0,588623.0
Camarões,2020,20.0,207.0
Serra Leoa,2020,9690.0,15190.0
São Vicente e Granadinas,2020,20.0,69.0
Bulgária,2020,100.0,170.0
África do Sul,2020,4.0,21.0
Suécia,2020,56.0,187.0
Eslovênia,2020,10.0,29.0
Bolívia,2020,130303.0,94585.0
Portugal,2020,129676.0,168488.0
Panamá,2020,29489.0,70939.0
Hong Kong,2020,39815.0,253860.0
India,2020,7.0,10.0
Venezuela,2020,4326.0,10038.0
Catar,2020,419.0,7130.0
"Tcheca, República",2020,563.0,4805.0
Irlanda,2020,805119.0,1768776.0
Guiana,2020,2772.0,7409.0
Haiti,2020,400879.0,474327.0
Comores,2020,9.0,25.0
República Dominicana,2020,14840.0,56540.0
Líbia,2020,16607.0,22287.0
Antígua e Barbuda,2020,964.0,2902.0
Gibraltar,2020,1012.0,3569.0
Coreia do Norte,2020,30.0,119.0
Itália,2020,359.0,930.0
Indonésia,2020,18.0,46.0
Africa do Sul,2020,44.0,152.0
Omã,2020,43.0,234.0
"Rússia, Federação da",2020,216906.0,472154.0
"Cayman, Ilhas",2020,464.0,1469.0
Uruguai,2020,69992.0,73741.0
Cabo Verde,2020,270.0,224.0
Jordânia,2020,73.0,230.0
Marrocos,2020,8.0,22.0
Antigua e Barbuda,2020,32.0,328.0
Suíça,2020,5708.0,49155.0
Espanha,2020,1743188.0,3842401.0
Libéria,2020,17340.0,55787.0
Singapura,2020,4505.0,15182.0
"Marshall, Ilhas",2020,23611.0,67477.0
Luxemburgo,2020,1086.0,5110.0
Australia,2020,144.0,503.0
"Coreia do Sul, Republica da",2020,24.0,53.0
Nova Zelândia,2020,95.0,515.0
Camores,2020,10.0,34.0
Gana,2020,18810.0,22027.0
Benin,2020,24.0,181.0
Vanuatu,2020,58.0,135.0
Angola,2020,17790.0,21665.0
Malásia,2020,12135.0,52795.0
Barein,2020,258.0,824.0
"Faroé, Ilhas",2020,25.0,98.0
Japão,2020,526468.0,1252125.0
Emirados Arabes Unidos,2020,590.0,2315.0
Montenegro,2020,49.0,167.0
Falkland (Ilhas Malvinas),2020,15.0,100.0
Irã,2020,389.0,772.0
México,2020,46881.0,112684.0
Mongólia,2020,10.0,15.0
Taiwan (Formosa),2020,60316.0,116684.0
Aruba,2020,450.0,788.0
Mônaco,2020,56.0,96.0
Belize,2020,20.0,32.0
Tailândia,2020,2590.0,10224.0
Bélgica,2020,16040.0,44992.0
Equador,2020,18048.0,25499.0
Taiwan,2020,90.0,242.0
Estados Unidos,2020,8887693.0,24757123.0
"Alemanha, República Democrática",2020,1377955.0,2824161.0
Bósnia-Herzegovina,2020,213.0,213.0
Ilha de Man,2020,171.0,554.0
Coveite,2020,1572.0,3000.0
Turquia,2020,419.0,997.0
Nigéria,2020,16707.0,42242.0
Croácia,2020,37.0,227.0
Paraguai,2020,3535648.0,4149001.0
Reino Unido,2020,14010937.0,31613530.0
Coreia do Sul,2020,226.0,517.0
Guatemala,2020,760.0,4318.0
Malta,2020,11828.0,26981.0
Bangladesh,2020,33.0,243.0
Filânldia,2020,1078.0,7065.0
"Turcas e Caicos, ilhas",2020,18.0,51.0
Colombia,2020,24578.0,74854.0
Canada,2020,413.0,3063.0
Dinamarca,2020,63651.0,139659.0
Países Baixos,2020,20360641.0,40054486.0
Polônia,2020,92.0,112.0
Letônia,2020,40.0,102.0
Índia,2020,527.0,1247.0
"Coreia, Republica Sul",2020,103.0,433.0
Barbados,2020,283.0,471.0
"Alemanha, República Democrática da",2020,86.0,44.0
Chile,2020,5687.0,7797.0
Argentina,2020,2009254.0,3720829.0
Arabia Saudita,2020,32325.0,95999.0
Espanha,2021,4554938.0,8685655.0
Panamá,2021,44913.0,87938.0
Australia,2021,184.0,654.0
"Marshall, Ilhas",2021,26979.0,72821.0
Estados Unidos,2021,15225261.0,40232058.0
França,2021,8434.0,30450.0
Gibraltar,2021,306.0,603.0
Vietnã,2021,244.0,645.0
Bolívia,2021,479585.0,343342.0
Nova Caledônia,2021,8151.0,13019.0
Mauritânia,2021,25.0,148.0
Honduras,2021,10.0,33.0
Noruega,2021,257541.0,640871.0
Suazilândia,2021,10.0,24.0
Costa Rica,2021,2160.0,1440.0
Hungria,2021,183.0,1251.0
Egito,2021,10.0,36.0
Paraguai,2021,6802487.0,7583066.0
Cabo Verde,2021,18.0,136.0
Turquia,2021,1079.0,2813.0
Gana,2021,13332.0,23031.0
Falkland (Ilhas Malvinas),2021,20.0,24.0
"Rússia, Federação da",2021,283727.0,662540.0
Taiwan (Formosa),2021,63381.0,135736.0
Marrocos,2021,10.0,34.0
Curaçao,2021,38848.0,82283.0
Barbados,2021,475.0,1551.0
Croácia,2021,10.0,25.0
Moçambique,2021,477.0,441.0
Antigua e Barbuda,2021,10.0,82.0
China,2021,745004.0,1504692.0
Itália,2021,15931.0,41619.0
México,2021,8838.0,21190.0
Polônia,2021,166.0,459.0
Dinamarca,2021,110222.0,180790.0
India,2021,271.0,446.0
Uruguai,2021,232496.0,305509.0
Afeganistão,2021,11.0,46.0
Hong Kong,2021,45693.0,171593.0
Emirados Árabes Unidos,2021,101356.0,370911.0
Suriname,2021,7105.0,23332.0
Índia,2021,423.0,1046.0
"Alemanha, República Democrática da",2021,13.0,4.0
Paquistão,2021,48.0,108.0
Argentina,2021,4613645.0,7776976.0
Colômbia,2021,23252.0,35948.0
Suíça,2021,5308.0,46071.0
Reino Unido,2021,16673214.0,37697345.0
Malta,2021,10750.0,35957.0
Colombia,2021,10280.0,37207.0
Líbia,2021,285756.0,476853.0
Canadá,2021,327403.0,1245411.0
Lituânia,2021,15150.0,27340.0
Alemanha,2021,142.0,265.0
Porto Rico,2021,24380.0,53636.0
São Vicente e Granadinas,2021,27.0,126.0
Guatemala,2021,17347.0,29100.0
Austrália,2021,44676.0,71202.0
Bangladesh,2021,20.0,101.0
"Tcheca, República",2021,456.0,5988.0
Barein,2021,579.0,1831.0
Taiwan,2021,72.0,280.0
Irlanda,2021,1493234.0,3332029.0
Serra Leoa,2021,6750.0,14025.0
Grécia,2021,5094.0,13362.0
Países Baixos (Holanda),2021,86.0,479.0
Portugal,2021,230406.0,212512.0
Nova Zelândia,2021,657.0,10477.0
Coveite,2021,30061.0,84345.0
Dominica,2021,664.0,1139.0
Maldivas,2021,3023.0,12327.0
República Dominicana,2021,27825.0,84068.0
"Coreia do Sul, Republica da",2021,82.0,200.0
Belize,2021,55.0,92.0
Suécia,2021,53.0,184.0
Brasil,2021,101.0,219.0
Vanuatu,2021,85.0,141.0
Tailândia,2021,2104.0,5456.0
Chipre,2021,4791.0,11721.0
Finlândia,2021,12480.0,23143.0
Arabia Saudita,2021,2818.0,14671.0
"Coreia, Republica Sul",2021,67.0,100.0
Montenegro,2021,68.0,210.0
Catar,2021,5621.0,14631.0
Venezuela,2021,26415.0,35944.0
Guiana,2021,5512.0,14194.0
Haiti,2021,680175.0,847327.0
Bahamas,2021,5286.0,15874.0
Luxemburgo,2021,130.0,430.0
Irã,2021,351.0,852.0
"Alemanha, República Democrática",2021,1464288.0,2576193.0
Rússia,2021,181931.0,312926.0
Nigéria,2021,68247.0,113172.0
"Cayman, Ilhas",2021,477.0,1482.0
Congo,2021,20.0,54.0
Peru,2021,9720.0,17107.0
Bermudas,2021,96.0,323.0
Angola,2021,6073.0,5915.0
Singapura,2021,25135.0,158496.0
Líbano,2021,15445.0,25941.0
Países Baixos,2021,32480500.0,59067527.0
Ilha de Man,2021,341.0,1310.0
Senegal,2021,10.0,30.0
Libéria,2021,19695.0,59947.0
Togo,2021,1890.0,2012.0
Chile,2021,17052.0,20161.0
Emirados Arabes Unidos,2021,900.0,13762.0
Guiana Francesa,2021,486.0,506.0
Coreia do Sul,2021,245.0,610.0
Japão,2021,997264.0,2201733.0
Bélgica,2021,685.0,4413.0
Malásia,2021,1159.0,13671.0
Antígua e Barbuda,2021,1362.0,3785.0
Canada,2021,253.0,566.0
Filipinas,2021,3165.0,11292.0
Antígua e Barbuda,2022,720.0,2922.0
Paraguai,2022,5292509.0,7536021.0
Catar,2022,28.0,75.0
"Alemanha, República Democrática",2022,566642.0,1258670.0
Guatemala,2022,1567.0,6877.0
Austrália,2022,16923.0,46838.0
Guiana,2022,11525.0,44992.0
Taiwan (Formosa),2022,34301.0,98406.0
Hong Kong,2022,36835.0,154153.0
Reino Unido,2022,34552.0,205630.0
França,2022,6668.0,30209.0
Estados Unidos,2022,11017948.0,30066519.0
Turquia,2022,614.0,1162.0
Argentina,2022,3955821.0,8111717.0
Espanha,2022,3504580.0,6022297.0
Peru,2022,38173.0,81563.0
Singapura,2022,23077.0,164071.0
Cuba,2022,16.0,6.0
"Tcheca, República",2022,1305.0,9997.0
Angola,2022,116987.0,238188.0
República Dominicana,2022,25440.0,80791.0
Lituânia,2022,30168.0,65259.0
Tailândia,2022,1260.0,5246.0
Gibraltar,2022,173.0,526.0
Marrocos,2022,20.0,66.0
Bangladesh,2022,168.0,471.0
Suíça,2022,4332.0,53770.0
Falkland (Ilhas Malvinas),2022,60.0,61.0
Uruguai,2022,841951.0,1421933.0
Emirados Arabes Unidos,2022,4781.0,85465.0
Finlândia,2022,45.0,89.0
Nova Zelândia,2022,854.0,1897.0
África do Sul,2022,34344.0,49753.0
Antigua e Barbuda,2022,65.0,146.0
Irã,2022,117.0,272.0
Guiana Francesa,2022,112.0,64.0
Rússia,2022,67060.0,123935.0
Canada,2022,62.0,347.0
"Rússia, Federação da",2022,14440.0,32576.0
Gana,2022,84237.0,162904.0
Índia,2022,548.0,1576.0
Irlanda,2022,1416036.0,3181486.0
Noruega,2022,384804.0,646085.0
Dinamarca,2022,26830.0,50961.0
Malásia,2022,16765.0,37005.0
Porto Rico,2022,24380.0,53636.0
Croácia,2022,54.0,512.0
India,2022,467.0,1517.0
Jordânia,2022,40.0,116.0
Barbados,2022,561.0,2148.0
Paquistão,2022,50.0,206.0
Suécia,2022,18.0,63.0
Taiwan,2022,40.0,123.0
Venezuela,2022,23220.0,32351.0
"Marshall, Ilhas",2022,26785.0,87263.0
Barein,2022,1319.0,3955.0
Ilha de Man,2022,315.0,1145.0
Coveite,2022,7252.0,33694.0
Bermudas,2022,212.0,819.0
Brasil,2022,2613.0,1219.0
Bulgária,2022,5.0,31.0
Granada,2022,6852.0,11131.0
"Cayman, Ilhas",2022,833.0,2548.0
Bolívia,2022,210268.0,215865.0
Países Baixos (Holanda),2022,707.0,6038.0
Líbano,2022,1350.0,4810.0
Libéria,2022,22164.0,77168.0
Malta,2022,7999.0,31728.0
Portugal,2022,150554.0,149462.0
"Coreia do Sul, Republica da",2022,10.0,30.0
Gabão,2022,20.0,53.0
São Vicente e Granadinas,2022,73.0,214.0
Curaçao,2022,44563.0,83246.0
Maldivas,2022,3221.0,10680.0
Haiti,2022,558612.0,750467.0
Equador,2022,14070.0,18426.0
Arabia Saudita,2022,12224.0,53675.0
Áustria,2022,6.0,212.0
Moçambique,2022,383.0,1927.0
Colômbia,2022,8230.0,14100.0
Colombia,2022,15396.0,56227.0
Vanuatu,2022,92.0,253.0
Polônia,2022,20.0,50.0
Vietnã,2022,206.0,556.0
Suriname,2022,3875.0,10118.0
Luxemburgo,2022,113.0,1067.0
Togo,2022,17317.0,25608.0
Dominica,2022,2079.0,3684.0
Romênia,2022,13194790.0,28569636.0
Líbia,2022,265152.0,278404.0
Japão,2022,2228439.0,4873209.0
Canadá,2022,427936.0,1609215.0
Nigéria,2022,40469.0,85299.0
Filipinas,2022,12978.0,14368.0
Samoa Americana,2022,8.0,18.0
Belize,2022,162.0,581.0
Quênia,2022,1440.0,2080.0
Coreia do Sul,2022,39922.0,65121.0
Letônia,2022,20.0,84.0
Camarões,2022,50.0,149.0
Indonésia,2022,40.0,103.0
Falkland (Malvinas),2022,360.0,2081.0
China,2022,1327371.0,2669085.0
Bahamas,2022,5680.0,19198.0
Chile,2022,5052.0,10062.0
Países Baixos,2022,18882790.0,36384055.0
Itália,2022,8021.0,24601.0
Omã,2022,294.0,981.0
Panamá,2022,29734.0,125153.0
Grécia,2022,3638.0,9712.0
"Alemanha, República Democrática da",2022,5.0,24.0
Emirados Árabes Unidos,2022,116384.0,401362.0
Serra Leoa,2022,8327.0,16351.0
Bélgica,2022,43172.0,109269.0
"Cocos (Keeling), Ilhas",2022,58.0,115.0
Chipre,2022,3884.0,9876.0
"Coreia, Republica Sul",2022,77.0,257.0
México,2022,4522.0,10870.0
Alemanha,2022,1164.0,6560.0
República Dominicana,2023,25440.0,78719.0
Guiana,2023,52848.0,177427.0
Líbia,2023,74993.0,95837.0
Suriname,2023,11585.0,28936.0
Panamá,2023,50104.0,183773.0
Catar,2023,2216.0,6642.0
Croácia,2023,5.0,12.0
Curaçao,2023,26759.0,48468.0
Belize,2023,52.0,125.0
Chile,2023,3554.0,15982.0
Índia,2023,510.0,1781.0
Líbano,2023,16947.0,25946.0
Palau,2023,160.0,450.0
Lituânia,2023,46041.0,117335.0
"Tcheca, República",2023,572.0,4584.0
Paraguai,2023,4164127.0,6077060.0
Portugal,2023,109819.0,218300.0
"Alemanha, República Democrática da",2023,33.0,39.0
Colômbia,2023,450.0,1259.0
Países Baixos (Holanda),2023,3.0,49.0
Vanuatu,2023,31.0,88.0
Austrália,2023,11713.0,34257.0
Singapura,2023,21306.0,124574.0
"Marshall, Ilhas",2023,26586.0,101014.0
Colombia,2023,1926.0,6898.0
Haiti,2023,564504.0,882876.0
Australia,2023,10.0,6.0
Dinamarca,2023,120625.0,306542.0
Nigéria,2023,23190.0,33430.0
Barein,2023,905.0,4286.0
Ilha de Man,2023,1883.0,6017.0
Malásia,2023,74.0,335.0
França,2023,2885.0,17025.0
Itália,2023,35077.0,146070.0
Uruguai,2023,610499.0,1015850.0
Antígua e Barbuda,2023,643.0,3021.0
Equador,2023,25206.0,37166.0
Sri Lanka,2023,20.0,30.0
Japão,2023,2608746.0,6445890.0
Letônia,2023,52.0,100.0
Reino Unido,2023,15390821.0,37568343.0
Camarões,2023,10.0,66.0
Macedônia,2023,10.0,42.0
Egito,2023,50.0,153.0
África do Sul,2023,119.0,742.0
Grécia,2023,4801.0,13103.0
Serra Leoa,2023,23473.0,39840.0
"Coreia, Republica Sul",2023,25.0,171.0
Gana,2023,115302.0,240339.0
México,2023,3.0,19.0
India,2023,60.0,170.0
Polônia,2023,490.0,1373.0
Canada,2023,4068.0,15427.0
Emirados Arabes Unidos,2023,1543.0,7384.0
Arabia Saudita,2023,2234.0,19382.0
Benin,2023,3.0,19.0
"Cayman, Ilhas",2023,721.0,3672.0
Antigua e Barbuda,2023,24.0,100.0
Bangladesh,2023,443.0,754.0
"Coreia do Sul, Republica da",2023,74.0,222.0
Arábia Saudita,2023,124.0,142.0
Turquia,2023,35598.0,123418.0
Angola,2023,111925.0,383797.0
Congo,2023,17100.0,26600.0
Estados Unidos,2023,20880288.0,61430331.0
Espanha,2023,4222317.0,7686049.0
Libéria,2023,55864.0,102797.0
Cabo Verde,2023,90.0,170.0
Togo,2023,14550.0,25235.0
Hong Kong,2023,54563.0,226961.0
Alemanha,2023,162.0,1542.0
Chipre,2023,2501.0,9280.0
Peru,2023,82085.0,158956.0
Suíça,2023,6576.0,86343.0
Macau,2023,7.0,6.0
Emirados Árabes Unidos,2023,178361.0,673572.0
Finlândia,2023,6.0,32.0
China,2023,829020.0,1761894.0
Bélgica,2023,376.0,1806.0
Brasil,2023,170.0,470.0
Malavi,2023,3660.0,6252.0
Irlanda,2023,630501.0,1735042.0
Bermudas,2023,210.0,974.0
São Cristóvão e Névis,2023,52.0,183.0
Luxemburgo,2023,623.0,7476.0
Venezuela,2023,171236.0,267799.0
Bolívia,2023,317294.0,254994.0
"Alemanha, República Democrática",2023,1706693.0,4133501.0
Malta,2023,14890.0,92232.0
Africa do Sul,2023,30.0,136.0
Coveite,2023,3725.0,22339.0
Países Baixos,2023,26858016.0,62432853.0
Quirguistão,2023,20.0,121.0
Tanzânia,2023,19.0,76.0
Argentina,2023,2278971.0,5347356.0
Gibraltar,2023,114.0,472.0
Toquelau,2023,27.0,49.0
Barbados,2023,514.0,1941.0
Bahamas,2023,6747.0,27752.0
Tailândia,2023,1014.0,4880.0
Áustria,2023,20.0,41.0
Mexico,2023,30.0,78.0
Guatemala,2023,2053.0,3758.0
Taiwan,2023,83.0,293.0
Taiwan (Formosa),2023,59480.0,156414.0
Maldivas,2023,4577.0,20204.0
Nova Zelândia,2023,7625.0,29395.0
"Cook, Ilhas",2023,116.0,839.0
Martinica,2023,14.0,68.0
Canadá,2023,1217018.0,3782574.0
Noruega,2023,465753.0,1528846.0
Vietnã,2023,135.0,305.0
São Vicente e Granadinas,2023,59.0,222.0
Pitcairn,2023,28.0,90.0
Indonésia,2023,11.0,33.0
Coreia do Sul,2023,46512.0,130526.0
Guiana Francesa,2023,1005.0,3590.0
Filipinas,2023,940.0,1723.0
Filânldia,2023,180.0,1770.0
Gabão,2023,83.0,316.0
